"","video_id","title","publishedAt","channelId","channelTitle","categoryId","trending_date","tags","view_count","likes","comment_count"
"0","_Ijn2Jdy9jc","portugal vs uruguay  highlights fifa world cup qatar 2022","2022-11-28T22:42:15Z","UC_vsErcsq56hOscPHkG-aVw","sctv","17","22.29.11","sctvindonesiamoviessinetron sctvfifa world cupworld cuppiala dunia 2022world cup qatarpiala dunia qatarfifa world cup qatar 2022portugaluruguayportugal vs uruguay full matchportugal vs uruguay highlights 2022","1692681","14728","1395"
"1","Ut1OzEVUiM4","red velvet 레드벨벳 birthday mv","2022-11-28T09:00:14Z","UCEf_Bc-KVd7onSeifS3py9g","smtown","10","22.29.11","레드벨벳벌쓰데이벌스데이생일아이린슬기예리웬디조이뮤직비디오뮤비red velvetbirthdayireneseulgiyeriwendyjoypartymusic videomvthe reve festival리브 페스티벌","4520191","532219","25571"
"2","kH8pj92ND2g","brazil vs switzerland  highlights fifa world cup qatar 2022","2022-11-28T19:30:07Z","UC_vsErcsq56hOscPHkG-aVw","sctv","17","22.29.11","sctvindonesiamoviessinetron sctvverticalentertainmentgenresportsformathighlightsourcesportstypebroadcastseriesworld cup qatar 2022topicsepak bolapersonbrazilpersonswitzerlandfifa world cupworld cuppiala dunia 2022world cup qatarpiala dunia qatarfifa world cup qatar 2022brazil vs switzerland 2022brazil vs switzerland 2022 world cup","1251314","8954","574"
"3","vNBmlhokzhw","dilan cepmek x milea cino 2022 kirain bakal so sweet ternyata","2022-11-28T10:47:00Z","UCbyFs66Ca-rODgHdPOYNlCg","catheez","22","22.29.11","none","255205","9944","1399"
"4","R0bVh0YGESY","itzy cheshire mv teaser 2","2022-11-28T15:00:15Z","UCaO6TYtlC8U5ttz62hTrZgg","jyp entertainment","10","22.29.11","jyp entertainmentjypitzy있지イッチ예지리아류진채령유나yejiliaryujinchaeryeongyunaイェジリアリュジンチェリョンユナอทจเยจลอารยจนแชรยองยนาitzy videositzy locoitzy behindmvitzy mvitzy music viedosteaseritzy teaseritzy vlogvlogitz differentitz icyitz menot shyguess whocrazy in lovedalla dallaicywannabe마피아in the morninglocosneakers있지있지있있cheshire체셔","1077451","135755","4006"
"5","xcZYzNBwt30","prediksi manggung di soundrenaline pengalaman yang seru banget","2022-11-28T13:00:56Z","UC6SPCnTAIanF2_8ST2wrQzw","taulany tv","22","22.29.11","none","883014","41863","3215"
"6","_Da15_d9Hy4","panggung terbakar super enerjik afan jakarta ft hannah precillas filipina judi  dacademy 5","2022-11-28T16:43:33Z","UCYqOeAXJm8yV9sJ8Ud3cR7A","indosiar","24","22.29.11","indosiarverticalentertainmentgenreetcformathighlighttypebroadcastseriesdacademy 5topicdangdutpersondewi persikpersonjenita janetpersonsoimahpersonnassarpersongilang dirgapersonruben onsupersonnitha thaliapersonrarapersonafan","391252","13280","5080"
"7","mw09ENVWFFI","cipung ilang diantara tumpukkan kadonagita terharu cipung dapet kado dari ncus","2022-11-28T13:56:18Z","UCvA9_f5Lwk-poMynabtrZPg","rans entertainment","24","22.29.11","ransraffi ahmadnagitanagita slavinarafatharransfathardaily vlog ransvlog raffi ahmadnagita slavina fashionfashion nagita slavinafashion raffi ahmadupdate raffi ahmadupdate ransrans terkinimerry raffi ahmadlala rafatharrieta ameliasyahnaznisya ahmadsultan andaradiva andaramemsyepepsyerifithirvlog terbaru ransransraffinagitaanimasisi aakartun si aarans animasirans animation studios","890819","37092","927"
"8","bpi4tmDfbFw","롤러코스터 on a ride","2022-11-28T09:09:37Z","UCHmZYTfdTyVKQEJicLiXEOg","red velvet  topic","10","22.29.11","red velvetthe reve festival 2022  birthday롤러코스터 on a ride","209587","14763","79"
"9","YbjVRacJK-A","konser internasional sridevi ft maria vitoria timor leste egois raih all so  dacademy 5","2022-11-28T14:27:50Z","UCYqOeAXJm8yV9sJ8Ud3cR7A","indosiar","24","22.29.11","indosiarverticalentertainmentgenreetcformathighlighttypebroadcastseriesdacademy 5topicdangdutpersondewi persikpersonjenita janetpersonsoimahpersonnassarpersongilang dirgapersonruben onsupersonnitha thaliapersonrara","488893","19761","6675"
"10","GYAuQp96lcA","perdana karya terbaik trio ave afan da5valen da5eby da5 cukup sudah bersamamu luka","2022-11-28T18:40:58Z","UCYqOeAXJm8yV9sJ8Ud3cR7A","indosiar","24","22.29.11","indosiarverticalentertainmentgenreetcformathighlighttypebroadcastseriesdacademy 5topicdangdutpersondewi persikpersonjenita janetpersonsoimahpersonnassarpersongilang dirgapersonruben onsupersonnitha thaliapersonrarapersonmardonpersonafanpersoneby","188875","10378","1598"
"11","TPNUscDJvew","bye bye","2022-11-28T09:08:10Z","UCHmZYTfdTyVKQEJicLiXEOg","red velvet  topic","10","22.29.11","red velvetthe reve festival 2022  birthdaybye bye","191027","13689","59"
"12","wE2BifGPA4E","happy asmara feat dike sabrina  duo mahokk  care bebek ftbintang fortuna  official music video","2022-11-27T03:00:10Z","UCEdO8A1SpMMF47LuGGV1nMQ","muara bintang","22","22.29.11","terpopulermusikberitaterkinikeroncongcampursarithebastmusikrajawali mitraofficial videotrendingcampursari koploayu ting tingnella kharismaperdana recorddd starmelady recordnew aristasafari recordkhatulistiwa recordsandi recordadellaadelanew pallapanew palapavia valenaneka safari recorddenny caknanhappy asmara musichappy asmaradikesabrinadike sabrinacare bebeklagu balijegeg bulan","332502","7688","902"
"13","5uw6MFzNHFo","kang mus sampai menitip pesen ke cecep  preman pensiun 7 part 22","2022-11-28T15:00:06Z","UCzTsWuCdVP_vehWyGwPcS3Q","rcti  layar drama indonesia","24","22.29.11","sinetronsinetron rctifull episodercti","289587","3643","183"
"14","DFyOhiLbiOY","ending baru lewat selokan  granny sewer new update indonesia","2022-11-28T07:15:00Z","UC3J4Q1grz46bdJ7NJLd4DGw","miawaug","20","22.29.11","miawauggrannyslendrinagranny gamegranny barugranny horror gamegameiosandroiddownloadgameplayindonesiamalaysiamobile gamenewbarugame grannygranny miawaugmiawaug grannyendendinggood endgood endingbad endingnewnew endingsewerselokanlaba labaspider","659579","41895","3801"
"15","bAQS22PvJs0","rachels diary  chava 3rd birthday","2022-11-27T12:00:07Z","UCIecZQpkLmj1HdBR6iV9rlQ","rachel vennya","24","22.29.11","none","130741","6305","130"
"16","vZHAQylTiTo","akhirnya yayat digas juga sama agus  preman pensiun 7 part 22","2022-11-28T11:00:43Z","UCzTsWuCdVP_vehWyGwPcS3Q","rcti  layar drama indonesia","24","22.29.11","sinetronsinetron rctifull episodercti","199447","2833","172"
"17","veSCvOS_4Iw","cipung day raffi nagita traktir fans cipung se jagat rayasemua happy","2022-11-28T09:17:07Z","UCvA9_f5Lwk-poMynabtrZPg","rans entertainment","24","22.29.11","ransraffi ahmadnagitanagita slavinarafatharransfathardaily vlog ransvlog raffi ahmadnagita slavina fashionfashion nagita slavinafashion raffi ahmadupdate raffi ahmadupdate ransrans terkinimerry raffi ahmadlala rafatharrieta ameliasyahnaznisya ahmadsultan andaradiva andaramemsyepepsyerifithirvlog terbaru ransransraffinagitaanimasisi aakartun si aarans animasirans animation studios","344887","14423","459"
"18","IrYT2e51B40","2022 gma nct dream_intro  beatbox  버퍼링","2022-11-28T03:20:18Z","UCd-OrgPLrnQiQBcq19j5oEQ","genie music","10","22.29.11","지니뮤직genie music뮤직비디오music videokpopkorean music","126134","17152","292"
"19","0r_qR-wOjq0","happy asmara  semata karenamu official live music video","2022-11-25T08:00:10Z","UCqcH6VSGv95siQHyKhyqVhQ","happy asmara music","10","22.29.11","happy asmararoyal musicmario g klausemata karenamukoplodangdut koplosemata karenamu dangdutsemata karenamu viralmalam bantu akutenangkan dirimuhappy asmara terbaru","1095946","27687","3184"
"20","cyNc3BAN888","spain vs germany  highlights fifa world cup qatar 2022","2022-11-27T22:30:06Z","UC_vsErcsq56hOscPHkG-aVw","sctv","17","22.29.11","sctvindonesiamoviessinetron sctv","1869045","11679","1920"
"21","hGaPjBG_aJw","ameena cipung ngedate lagi atta pusing","2022-11-28T06:00:11Z","UCaKLg1ELiX0zTJ6Je3c5esA","ah","24","22.29.11","none","485933","29751","2624"
"22","Uxeye64XYTo","kang mus kembali mengingatkan cecep  preman pensiun 7 part 12","2022-11-28T11:00:21Z","UCzTsWuCdVP_vehWyGwPcS3Q","rcti  layar drama indonesia","24","22.29.11","sinetronsinetron rctifull episodercti","305694","3959","154"
"23","-r_jdY-MKvk","makan di hotel bintang 5 all you can eat rp 300 ribu ft jessica jane","2022-11-27T11:30:00Z","UC1Gmqqs_Myzl2KHIeqfUC9A","nihongo mantappu","22","22.29.11","nihongo mantappunihongomantappumantappu jiwajerome polinjeromepolinjepangjapanjessica jerome makanjessica jane jeromemakan malam bareng jessica janejerome jalan bareng jessicajerome makan bareng jessica janemukbang bareng jessicamukbang jerome jessicastreetfoodstreetfood jessica janestreetfood viralmukbangmukbang jessica janenihongo mantappu jessica janesurprise jessica janejessica janehotel bintang 5mukbang di hotelmakan di hotel","1519232","86410","5059"
"24","pevujkPVn4U","nemu bakmie karet ayam kampung komplit jumbo harga murah di depok","2022-11-28T10:00:34Z","UC8rHUssNDJ9YEjfduAqJBmw","tanboy kun","24","22.29.11","tqnboy kunmukbangmakan banyakbakmi karetayam kampung","466102","14682","609"
"25","X0qNj0Gv-h8","jadi penyihir","2022-11-25T13:20:10Z","UCbcqLlPfZ5GTc-mNLkYTz1g","fadil jaidi","24","22.29.11","jadi penyihirfadil jaidimama fadil jaidipak muhfadil jaidi papafadiljaidifadil jaidivideo baru fadil jaidifadil jaidi terbarupapa fadil jaidistory instagram fadil jaidipak muh fadilfadil jaidifadil jaidi video baruorang tua fadil jaidivideo terbaru fadil jaidifadil jaidi lucufadil jaidi penyihirpenyihirfadil jadi penyihirfadil jaidi video","1456048","119886","3963"
"26","J9faC3UKsDs","슈취타 슈가와 취하는 타임 teaser","2022-11-28T12:00:00Z","UCLkAepWjdylmXSltofFvsYQ","bangtantv","10","22.29.11","방탄소년단btsbangtan알엠rm슈가suga제이홉jhope지민정국kpop방탄jhopejung kookjiminbts vjin","1615507","425642","18539"
"27","LiKWr106PHU","prediksi latihan soundrenaline ngapain sih gitugitu","2022-11-27T03:07:11Z","UC6SPCnTAIanF2_8ST2wrQzw","taulany tv","22","22.29.11","none","1078193","31447","2712"
"28","83ntBBDC8Xs","tiara andini  usai official music video","2022-11-24T17:00:04Z","UCl8TJXcR80R9ctpN0aX91bw","tiaraandinivevo","10","22.29.11","tiaraandiniusaiindonesiapopandmeshtohpatijourdy pranatamungkin inilah waktunyamungkin inilah saatnyaaku mengerti rasa sesalsaat ada yang pergi menghilangkau datang mengukir lukayang sayang tuk dilupakankau pergi tanpa mengajarkancara tuk merelakanmuusai sudah semua ceritayang tlah kita ukir berduameninggalkan dirimu adalahhal terberat yang harus ku jalaniaku memang kehilangannamun kau telah kehilangan","3110136","76856","30416"
"29","1Gja_Me0lNU","tedak siten baby issa baby issa ambil uang mainan raket tenis dan piano artinya apa yah","2022-11-26T12:00:01Z","UCEVbeHvzZluIW261NtIrXIQ","nikita willy official","22","22.29.11","nikita willyindra priawanindra priawan nikita willyindra priawan djokosoetononikita willy officialtravel vloggernikita willy vlog channelnikita willy travellingkehamilannikita willy babymoonwealthyfamilylahiranviralsinetron nikita willynikita main sinetron lagisinetron nikitatedak sitennikita willy tedak sitenanak artis tedak sitenbaby issa tedak sitenbudaya jawajawatradisi adat jawa tedak sitentedak siten anakbaby issaanak atis","415695","8065","408"
"30","c2UkXOdluXY","moana harus pake carseat","2022-11-27T08:00:23Z","UC4tS4Q_Cno5JVcIUXxQOOpA","ricis official","24","22.29.11","vlogricisricistrryantrricis ryandailyvlog keluargahiburanentertainmentmoanamomonmonanak ricisjalan jalanria riciskeluarga ricisfansfanatikindonesiaasialucuketawangakaktrendinganakbabybaby moanaanak ryan","434284","17405","609"
"31","WJ7Rnzu_d3g","mukbang battle ayam goreng restoran vs kaki lima pake sambel cumi pedas","2022-11-26T05:13:59Z","UC8rHUssNDJ9YEjfduAqJBmw","tanboy kun","24","22.29.11","tanboy lunmukbangayam gorengkfc mcdonaldsmcdkfcmcdonaldsfried chickenkaki limasabanadkriuk","1911672","41588","1951"
"32","q2hRRuiJOb8","penyihir temannya evil nun  witch cry  horror house indonesia","2022-11-26T10:15:05Z","UC3J4Q1grz46bdJ7NJLd4DGw","miawaug","20","22.29.11","miawaugindonesiahorror gamemobile gamewitch crywitch cry horror house gamewitch cry horror gamewitch cry indonesiawitch cry gamewitch cry horror gameendendingevil nun miawaugmiawaug evil nunmiawaug witch crywitch cry miawaug","538018","28113","2017"
"33","VQs_ChROtdk","307 m subs moana cemburu bu icis ketemu baby ara sampe nyungsep","2022-11-26T08:00:17Z","UC4tS4Q_Cno5JVcIUXxQOOpA","ricis official","24","22.29.11","vlogricisricistrryantrricis ryandailyvlog keluargahiburanentertainmentmoanamomonmonanak ricisjalan jalanria riciskeluarga ricisfansfanatikindonesiaasialucuketawangakaktrendinganakbabybaby moanaanak ryan","576484","22537","484"
"34","AoyHy6VYjd8","kembang api murah vs mahal","2022-11-27T03:00:05Z","UCvc00uetYIML9D-7BBrEXLA","yudist ardhana","24","22.29.11","yudist ardhanayudistyudistardhanakembang apiyudist kembang apikembang api murahkembang api mahalmurah vs mahalyudist murah vs mahalkembang api murah vs mahal","179581","5792","285"
"35","UYRBuC4N55E","mau beli hp di 2023 saya punya bocoran fiturnya","2022-11-26T09:23:06Z","UC1dI4tO13ApuSX0QeX8pHng","gadgetin","28","22.29.11","none","827084","23687","3014"
"36","eY-ZRtye0Oo","detikdetik ketemu song joong ki dari deket omg glowing banget","2022-11-26T10:59:34Z","UC4tS4Q_Cno5JVcIUXxQOOpA","ricis official","24","22.29.11","none","1007732","20380","726"
"37","v5L2TLU81YY","ameena nangis sesak nafas satu rumah panik","2022-11-26T08:00:10Z","UCaKLg1ELiX0zTJ6Je3c5esA","ah","24","22.29.11","none","801047","28798","1867"
"38","BdmoKRJx8fQ","horor baru tentang penyihir dari keplerians witch cry horror house","2022-11-26T06:01:33Z","UCoIiiHof6BJ85PLuLkuxuhw","windah basudara","20","22.29.11","god of war ragnarokgod of wargod of war ragnarok gameplaygod of war indonesiagod of war ragnarok ps5 gameplaygod of war ragnarok full gamegod of war ragnarok ps5kratos vs thor full fightgod of war ragnarok thor cutsceneplaystation 5god of war ragnarok playstation 5windah basudaragod of war ragnarok all bossesgod of war 2022windah basudara god of wargod of war fenrirkratos melawan serigala raksasa garm god of war ragnarök hard mode gameplay 6","395523","18622","1120"
"39","RQ3H4SWV88o","lari dari kenyataan","2022-11-25T11:30:08Z","UCFuM3BWlLM3YbLjkXBiJ8-A","jessica jane","24","22.29.11","jessica janejesika jane24 jam jessica janejess no limitmukbang samyangmukbang ayam kfcmukbang koreanindonesian mukbangtabi and moochyanjing jessica janetabitabiprank deadchef jessicaresepchef jessica","1720706","82447","4069"
"40","WeOxyM7sP8I","kita pindah markas dan membuat baju landak untuk istri  survival bucin 4","2022-11-26T03:00:21Z","UCHb7bDmZ5AQJFQrGPntk3fg","teguh sugianto","20","22.29.11","teguhteguh sugiantominecraftminecraft 100 haribeacon creamfrost diamondstresmen","265638","11393","582"
"41","DYeQspvyhak","kambingku bertemu ufo dan menjadi pisang gilagoat simulator 3 gameplay 4","2022-11-25T11:18:31Z","UCoIiiHof6BJ85PLuLkuxuhw","windah basudara","20","22.29.11","god of war ragnarokgod of wargod of war ragnarok gameplaygod of war indonesiagod of war ragnarok ps5 gameplaygod of war ragnarok full gamegod of war ragnarok ps5kratos vs thor full fightgod of war ragnarok thor cutsceneplaystation 5god of war ragnarok playstation 5windah basudaragod of war ragnarok all bossesgod of war 2022windah basudara god of wargod of war fenrirkratos melawan serigala raksasa garm god of war ragnarök hard mode gameplay 6","644417","20455","1153"
"42","XTt8eTTT1Ck","livery pink gt86k24 dipo  first drift pws langsung jebol","2022-11-25T09:00:20Z","UCmA-OmY_ZW7VZkET-64Psdg","garasi drift","2","22.29.11","none","523911","17966","1217"
"43","qYzopNGd59Q","begini kondisi rumah kita di turki setelah ditinggal 5 bulan","2022-11-23T10:48:24Z","UC3LrM2hhKDGUn0-SC-QyT9Q","isti ve musab","22","22.29.11","mixmarriageldrindoturkiistimusabistivemusabistivemusabibugemoyibugemoyibugemoyibugemoyibugemoybabycutebabymixbaby","508259","9753","322"
"44","0pna-gaVjMM","balikindonesia  orang singapore jatuh cinta sama tipkerrrrr","2022-11-25T12:00:00Z","UCXkRFUruW9lg4hEBILMVkPQ","korea reomit","22","22.29.11","korea reomitjang hansolmedokorang korea yang","314220","7783","274"
"45","ZEf7Xn4Utzc","jurnalrisa 220  kisah misteri di gudang alat berat","2022-11-24T14:00:23Z","UCKFC1LYWw1fbe9LNfm2vEPg","jurnal risa","22","22.29.11","jurnalrisarisa saraswatidanurasihpenelusuranghostcartoursjurnalceritasejarahtanyarisapeter cspeter cs jurnalrisapenelusuran jurnalrisaghostbustourghostcartourjurnalrisa ghostbustourjurnalrisa ghostcartour","483239","19492","909"
"46","53jm_c2FMjw","new cydonia  vox akuma cover","2022-11-25T13:00:09Z","UCckdfYDGrjojJM28n5SHYrA","vox akumanijisanji en","10","22.29.11","nijisanjiにじさんじluxiemnijisanji_envoxakumavoxakumavox akumaasmrmale voice asmrdeep male voice asmrmale vtubermale en vtuberenvtuberlazulightobsydiaethyriaike evelandmysta riasshu yaminoluca kaneshiro","604142","73554","3241"
"47","hkBvdFVhmOU","antar paket pakai roller coaster","2022-11-24T10:15:02Z","UC50LmJxoKQGpeA2e-0JCY7g","beaconcream","20","22.29.11","minecraftminecraft indonesiarobloxroblox indonesiabeaconcream","432890","15516","1152"
"48","JYcYTscjzOU","mukbang 10 bungkus mie terpedas gaga 100 ekstra pedas level 7","2022-11-24T05:31:37Z","UC8rHUssNDJ9YEjfduAqJBmw","tanboy kun","24","22.29.11","tanboy kunpedasmie gagaindomiepedasspicy ramenhabanero","1474564","30978","1629"
"49","IvYyS7GXBTU","emak korea terharu banget karena dikasih masakan mewah banget","2022-11-24T10:39:55Z","UCHoX7CztP2HlWACVVEtkv-w","hari jisun","24","22.29.11","jisungharijisuncewek koreamukbangmakanan koreajajanan koreakoreastreet food","917825","30501","2136"
"50","7IwbMFDHQ0I","toyota kijang innova zenix tidak ada diesel lagi","2022-11-21T11:30:52Z","UCu12RxQjRQyh79YBYvEDkOg","motomobi","2","22.29.11","motomobiommobivlogreviewom mobi2020202120222023innova zenixinnovazenixbaruinnova baruhybridevhevinnova hybridmurahsaingan wulingwuling rswuling hybridkijang electrickijang hybridlaunchinghargafirst impressionharga innova baru450 jutaantype innova baruviraltrendingfypharga innova hybrid","624411","6745","1247"
"51","9Yn3yn4WH-0","surga night streetfood wasedaboys coba angsle ronde belut dll","2022-11-23T12:00:11Z","UC1Gmqqs_Myzl2KHIeqfUC9A","nihongo mantappu","22","22.29.11","nihongo mantappunihongomantappumantappu jiwajerome polinjeromepolinjepangwasedawasedaboysstreetfoodsurga streetfoodstreetfood surabayastreetfood koreastreetfood jepangtomo yusuketomo yusuke surabayatomo yusuke ke rumah jeromewasedaboys reaksireaksi orang jepangreaksi wasedaboys coba makanan indonesiareaksireaksi orang luar negerireaksi makanan indonesiastreetfood huntingstreetfood mukbangstreetfood jerome jessicastreetfood jerome","1406674","52642","1848"
"52","SolNuI59Tek","pantesan bruno laku bgt di ph mereka main full physical gini ternyata ngeri banget tank pun bocor","2022-11-24T12:02:25Z","UCpLNlD983zCbsHYQqPPQs4Q","leokoce","20","22.29.11","none","428736","8401","357"
"53","Umh129dlCkY","di saat semua pro player ngetroll gw pusing kepala sumpah  mobile legends","2022-11-24T12:15:02Z","UCirWugW5e03u3DUGA87s58A","oura gaming","20","22.29.11","evos ourayoutube gaminghandcam ourahandcam ekoojuoura castermplmobile legendfreestyle lancelot ouraworldreview skin mobile legendsreact tiktokreact tiktok mobile legendsworld mobile legendsouragpxrrq vs evosgpx vstrendingekoojurrqevosgpxgpx ladiesoura reactm4rrq kingdommobile legends indonesiagerrard wijayamdl 2022mpl s10onic kairievos dlarkungfu pandapiala presiden 2022gpx mdlmplionicpiala duniaalter ego","195802","3592","200"
"54","ZOZDznZYJkU","tempest 템페스트  dragon 飛上 mv","2022-11-22T09:00:02Z","UC_pwIXKXNm5KGhdEVzmY60A","stone music entertainment","10","22.29.11","kculturekorean musicmvmusic videokpopkpop뮤비뮤직비디오stone music entertainmenttempest템페스트dragon","13747606","57054","12671"
"55","rjOF36xExgM","150 kilo kulit numpuk pembeli rela antri 1 jam nungguin ini","2022-11-24T08:03:15Z","UCNYvkAHBuLfOzUBuR1Uvv9w","hobby makan","22","22.29.11","none","702726","12214","674"
"56","vpXdXpDMYqA","dragon ball legends reveals  stuff legends festival edition","2022-11-24T14:00:10Z","UCqly9F4Fr_jf2Y1Cy5hacRg","bandai namco entertainment","20","22.29.11","バンダイナムコバンナム876876tvbneバンダイナムコエンターテインメントbandainamcobannamばんなむばんだいなむこばんだいなむこえんたーていんめんとバンナムtvdragon ball legendsdragon balllegendsdokanndbdblvideo and stuffvideo  stuffvideostuffreveals  stuffrevealslegends festival","424173","0","0"
"57","NGON8jU_Hlk","masuk rumah sakit lagi sarwendah dirawat bareng thalia  the onsu family","2022-11-24T02:00:09Z","UCJvQLi9uJEGBpD8t3DZyHpw","the onsu family","24","22.29.11","the onsu familythe onsu family terbarubetrand peto ruben onsuonsu familydiary the onsuruben sarwendahsarwendah cherrybelleonsu family terbaruthania the onsulucinta lunakakak beradik podcastmami niathania putri onsuthania dan sarwendahbetrand peto putra onsuruben onsu familysarwendah thaniasarwendah thaliabetrand the onsuonyo the onsu","344191","10683","728"
"58","fyqFxr8mc9M","satu rasa cinta  difarina indra adella ft fendik adella  om adella","2022-11-19T05:15:09Z","UCP3J77MiNCYxhRnfHmeWk7Q","henny adella","10","22.29.11","henny adellaadella terbaru 2022satru 2tiaradifarina indrajoko tingkirdangdut koplomusic of asialagulagu duet adellasatu rasa cintafendik adellaom adellalagu lagu difarina indrahot dangduthot koplo","3947348","43166","5103"
"59","TM0ZbMes5KM","woy ketemu alter ego new roster mpl s11 doyok di siksa sampe kena mental  mobile legends","2022-11-24T05:53:01Z","UCirWugW5e03u3DUGA87s58A","oura gaming","20","22.29.11","evos ourayoutube gaminghandcam ourahandcam ekoojuoura castermplmobile legendfreestyle lancelot ouraworldreview skin mobile legendsreact tiktokreact tiktok mobile legendsworld mobile legendsouragpxrrq vs evosgpx vstrendingekoojurrqevosgpxgpx ladiesoura reactm4rrq kingdommobile legends indonesiagerrard wijayamdl 2022mpl s10onic kairievos dlarkungfu pandapiala presiden 2022gpx mdlmplionicpiala duniaalter ego","212157","3868","250"
"60","2Yj8SvBLzns","atta liat cipung cium ameena kaget","2022-11-23T09:00:08Z","UCaKLg1ELiX0zTJ6Je3c5esA","ah","24","22.29.11","none","744207","33187","1964"
"61","7ZlyVilcASs","ga pulang kalau ga menang","2022-11-24T06:00:04Z","UCHb7bDmZ5AQJFQrGPntk3fg","teguh sugianto","20","22.29.11","teguhteguh sugiantominecraftminecraft 100 haribeacon creamfrost diamondstresmen","214100","7975","419"
"62","_e19kJ6hcSw","jalanjalan sama waseda boys ke pik","2022-11-22T11:28:00Z","UCFuM3BWlLM3YbLjkXBiJ8-A","jessica jane","24","22.29.11","jessica janejesika jane24 jam jessica janejess no limitmukbang samyangmukbang ayam kfcmukbang koreanindonesian mukbangtabi and moochyanjing jessica janetabitabiprank deadchef jessicaresepchef jessica","1740868","93594","4117"
"63","l5ffDyCvo3w","orang jepang kaget liat mall terbesar indonesia coba makan penyetan  pete","2022-11-22T12:44:19Z","UC1Gmqqs_Myzl2KHIeqfUC9A","nihongo mantappu","22","22.29.11","nihongo mantappunihongomantappumantappu jiwajerome polinjeromepolinjepangjapanwasedawasedaboystomo yusuketomo yusuke ke rumah jeromerumah jeromekeluarga jeromemasak bareng mamamasakjerome nyetirmama jeromepapa jeromejerome masaknihongo mantappu masakreaksi wasedaboyswasedaboys coba masak indonesiaorang jepang cobain masakan indonesiaorang jepangmall indonesiamall terbesar indonesiaorang jepang ke mall indonesia","1587410","59531","1709"
"64","X06Lxjbjo3w","the musical journey of wonderland indonesia by alffy rev","2022-11-21T12:45:02Z","UCJpxfn2SxQ6NyH_lkvqitpQ","alffy rev","10","22.29.11","alffy revwonderland indonesiamusical jorney alffy revbts wonderland indonesiawonderland indonesia 3","774803","56716","2542"
"65","qg5sDR0Fhq8","maulana ardiansyah ft ochi alvira  widodari   live ska reggae","2022-11-21T12:00:07Z","UCX8fgYn9Lses2DqBqzhXAsw","ta pro music  publishing","10","22.29.11","denny caknanhappy asmaramaulana ardiansyahochi alviratapro musikwidodarifull album ochi alviraalbum ochi maulanafull album maulana ardiansyahlagu terbaru maulana ardiansyahlagu terbaru ochi alviradermaga biru maulana ardiansyahfull senyum ochi alvira ft maulanalive maulana ardiansyahlive ochi alviraochi  fidaaku nemu widodariwidodadri lirikfull album denny caknan","234755","5370","4744"
"66","vv_I89EG3fI","bikin es krim di rumah pakai mesin canggih","2022-11-23T04:10:29Z","UCvc00uetYIML9D-7BBrEXLA","yudist ardhana","24","22.29.11","yudist ardhanayudistyudistardhanatoffin balimesin es krimyudist buat es krimyudist bikin es krimyudist ice creamyudist es krimmesin ice creambikin es krim sendiribikin es krim di rumah","571719","11517","346"
"67","GxBenoh3N94","kita menjelajahi nether terkutuk di survival terkutuk","2022-11-23T09:00:11Z","UCkdFTsMOvJkUe41dCNvWhIg","stresmen","20","22.29.11","stresmenstresmen minecraftstresmen robloxodo kentangstresmen survivalstresmen mod survivalstresmen mod terkutukodo stresmenminecraft modsurvival mod","324578","13385","520"
"68","ZL5mtDsl21k","nopek novian aku mau stop dulu bikin konten","2022-11-21T04:01:57Z","UCHKF275XLmJdmHgTLIxb8lA","kemal palevi","27","22.29.11","kemal palevistand up comedysneakersnbavideo viralviralvideo lucu bangetjajan sepaturaffi ahmadbaim wongatta halilintarsultan andaravideo tiktok indonesia viralvideo tiktok viralandre taulanytaulany tvnagita slavinarafatharjuragan 99nex carlosken  grattanboy kunria swcover pop punkvideo music covervideo trending indonesiabertahan di industrivincent destanopek novianlivy renata","418110","8356","950"
"69","ppSQgcOiQQ0","안방1열 풀캠4k 시크릿넘버 tap secret number fullcamsbs inkigayo 221120","2022-11-20T08:54:22Z","UCS_hnpJLQTvBkqALgapi_4g","스브스케이팝 x inkigayo","24","22.29.11","inkigayo인기가요직캠안방1열직캠스브스케이팝스브스 직캠인기가요인가음방음악방송시크릿넘버secret numbertap시크릿넘버 컴백시크릿넘버 직캠시크릿넘버 페이스캠시크릿넘버 인가시크릿넘버 인기가요시크릿넘버 음방시크릿넘버 무대시크릿넘버 신곡시크릿넘버 안무바인엔터테인먼트진희레아수담디타데니스민지주léaditajinnyminji","488710","41002","3951"
"70","Bg6WVOhWIbo","balikindonesia  seharian makan tok di bandung","2022-11-23T10:30:02Z","UCXkRFUruW9lg4hEBILMVkPQ","korea reomit","22","22.29.11","korea reomitjang hansolmedokorang korea yang","355937","10780","420"
"71","Dv6oAk-bQxM","kita mencari cara untuk kembali pulang  romantic raft 2","2022-11-23T06:00:05Z","UCHb7bDmZ5AQJFQrGPntk3fg","teguh sugianto","20","22.29.11","teguhteguh sugiantominecraftminecraft 100 haribeacon creamfrost diamondstresmen","430309","13265","624"
"72","bh_E2tI5kT8","secret number시크릿넘버  tap 인기가요 inkigayo 20221120","2022-11-20T10:22:27Z","UCS_hnpJLQTvBkqALgapi_4g","스브스케이팝 x inkigayo","24","22.29.11","inkigayo인기가요직캠안방1열직캠스브스케이팝스브스 직캠인기가요인가음방음악방송시크릿넘버secret numbertap시크릿넘버 컴백시크릿넘버 직캠시크릿넘버 페이스캠시크릿넘버 인가시크릿넘버 인기가요시크릿넘버 음방시크릿넘버 무대시크릿넘버 신곡시크릿넘버 안무바인엔터테인먼트진희레아수담디타데니스민지주léaditajinnyminji","490446","49531","3741"
"73","8BMrFNQ3xeY","day 1 thailand ikut pai dan celi bonding bareng team rrq","2022-11-21T10:21:07Z","UC_TcIRNIPBrEmBbu75cAhBA","kayess","20","22.29.11","onic kayeskayesevosrrqalter egobtrbigetrononic ladiesonic talentkayessgebiancesiananisa rahimnita viorwibuonicpubg mobilepubg mmobile legendsesports indonesiaesportsesports arenaesports teamsesports newsesports livegamers indonesiagemersgame among usimpostor among uskayess main among usgame among us barujadi impostorgame tahun 2019kayess hokiboss esportmain barengday 1 thailandteam rrq","148152","7103","339"
"74","W288mZPR6oM","gempa cianjur ancaman gempa jakarta dan megathrust magnitudo 89","2022-11-22T13:00:17Z","UCovqoUzPm9_s6mMt9OiWKpA","harian kompas","25","22.29.11","videovideo beritaharian kompasnewsaktualterkiniterbarugempa cianjurcianjurjawa baratjakartagempa jakartamegathrusttsunamibencana alamgempa cianjur tadi sianggempa cianjur hari 21 november 2022gempa cianjur hari livegempa cianjur baru sajagempa cianjur hari cctvgempa cianjur rumah lestigempa cianjur detik detikgempa cianjur livegempa cianjur hari bmkggempa cianjur cugenang","1472318","6980","2115"
"75","POFd09OVOMU","vita alvia ft lala widy  mangku purel official mv mangku purel neng karaokean","2022-11-20T09:22:14Z","UCEa5arMfQcOrmHGwh2cVbHw","ard management","10","22.29.11","ard managementard management full albummangku purelrindy boh  mangku purelmangku purel adellamangku purel neng karaokemangku purel koplomangku purel ageng musicmangku purel karaokemangku purel lirikmangku purple full albumlagu mangku purel neng karaokeki ageng mangku purelmangku purel ageng musik full albummangku purel arlida putrimangku purel ki agengkaraoke mangku purellala widyvita alvialala widy ft vita alvia","818504","6638","695"
"76","ZRjb7xWUzHc","안방1열 직캠4k 시크릿넘버 디타 tap secret number dita fancam sbs inkigayo 221120","2022-11-21T07:30:05Z","UCM3jwNRfl5-W8VzgT6DsaEQ","스브스케이팝 zoom","22","22.29.11","inkigayo인기가요직캠안방1열직캠스브스케이팝스브스직캠인기가요인가음방음악방송스브스케이팝 줌시크릿넘버secret numbertap시크릿넘버 컴백시크릿넘버 직캠시크릿넘버 페이스캠시크릿넘버 인가시크릿넘버 인기가요시크릿넘버 음방시크릿넘버 무대시크릿넘버 신곡시크릿넘버 안무바인엔터테인먼트진희레아수담디타데니스민지주léaditajinnyminjisoodamzuu","232913","21318","1405"
"77","x_k4j_53DVM","pasca gempa cianjur warga butuh aliran listrik dan tenaga kesehatan untuk bantu korban luka","2022-11-21T09:53:43Z","UC5BMIWZe9isJXLZZWPWvBlg","kompastv","25","22.29.11","bupati cianjurgempagempa cianjurgempa hari inikorban gempa cianjurkompasberita kompasberita kompastvkompas newskompastvkompas tvkompastv live streamingkompas tv live streaminglive streamingindonesianewsyoutube newsberita terbaru hari iniviral terbarubreaking newslive newsberita terkinitop newsberita viralberita terbarugempa bumi hari inigempa bumikorban gempacianjurgempa terkini cianjurgempa adalah","868943","5678","987"
"78","ozbUuZ5pyuQ","presiden jokowi temui pengungsi korban gempa di cianjur 22 november 2022","2022-11-22T12:41:28Z","UC_m_NBgf7ieJBHzb6vvJC5A","sekretariat presiden","25","22.29.11","none","655941","9710","2274"
"79","UuohN8WW32U","gak boleh cacat sedikitpun begini ketatnya proses ekspor impor mobil di ipcc","2022-11-19T03:00:11Z","UCyxFLIrNfV8B3cN4KgQL6sA","fitra eri","2","22.29.11","none","1423853","24172","1522"
"80","duDW4W4ulfU","dateng ke qatar buat nonton opening piala dunia 2022","2022-11-21T09:52:03Z","UC1dI4tO13ApuSX0QeX8pHng","gadgetin","28","22.29.11","none","2633419","63773","6377"
"81","ohRZwOSkDss","free fire jadi seru  duo kuat mencoba update terbaru  feat letda hyper","2022-11-20T07:36:36Z","UCW6fcXU68QShoXPkxnPxATw","frontal gaming","20","22.29.11","none","375311","17769","1085"
"82","GJHX1iGoSZo","pubg mobile x lionel messi  unleash your roar  collaboration trailer","2022-11-19T17:00:15Z","UCKuBf7CRNf4OYoDyTtAL5fg","pubg mobile","20","22.29.11","pubgmpubg mobilepubgmobilebattle royaletencent gamesplayerunknowns battlegroundswinner winner chicken dinnerfreetoplaylionelmessi pubgmxmessipubgm messi updatepubg mobile football updatepubgm soccer updatepubg mobile messi football mania","9097012","1336","109"
"83","9yQVWPlUGBE","noah  khayalan tingkat tinggi official music video","2022-11-18T12:00:09Z","UCXWOf2fdWef8tbv1X27JHzw","noah official","10","22.29.11","noah officialvideo terbaru noahnoahlagu hits noahariel noahnoah khayalan tingkat tinggikhayalan tingkat tinggivideo terbaru noah second chancepeterpah khayalan tingkat tinggilagu hits noah khayalan tingkat tinggifull album noahnoah full albumfull album noah second chancekhayalan tingkat tinggi peterpan","2704424","125217","18001"
"84","o5F8MOz_IDw","avatar the way of water  new trailer","2022-11-22T02:53:38Z","UCgjxQJ6TlKqhHax8742ZMdA","avatar","24","22.29.11","none","11092846","290566","11601"
"85","InIs7u9bcvM","breaking news  ini detik  detik gempa guncang cianjur","2022-11-22T02:46:16Z","UCzl0OrB3-ehunyotIQvK77A","metrotvnews","25","22.29.11","metrotvnewsmedcomidberita viralberita terkiniberita hari iniberita updatemetrotvportal beritaberitanews channelberita videoberita duniaheadline newsnews wordmetro global network","487211","1594","212"
"86","ht-Hw-SvfyE","sabyan ft ali abdulqodir alaydrus  ya habibana ali","2022-11-19T13:01:51Z","UCeZA77FZSG4YzBcvBJ9eynA","sabyan","10","22.29.11","nissasabyannissa sabyansabyan gambusofficialchannellagu sabyanlagusabyan fullalbum sabyangambus sabyanlagu nissa sabyansabyan full albumsabyan lirikya maulanasabyan terbarusabyan 2019ya habibana alihabib novel alaydrusraudhahmasjid riyadhhaul solohaul solo 2022habib ali solo","471745","21829","1293"
"87","IzngGFgxWQA","lala widy ft vita alvia  care bebek official mv ngude beli liu munyi","2022-11-19T01:00:10Z","UCEa5arMfQcOrmHGwh2cVbHw","ard management","10","22.29.11","lala widylala widilala widy feat vita alviacare bebekvita alviavita alvia terbaruard managementard management full albumcare bebek remixcara bebek djcare bebek karaokecare bebek djcare bebek tiktokcara bebek lirik jegeg bulanjegeg bulan cara bebek tiktokcare bebek covercari bebek jegeg bulan lirikcari bebek lirikcari bebek jedag jedugcari bebek tiktok","951196","11302","780"
"88","KDMPwjNSkcg","127am pajama night in nyc","2022-11-19T13:00:21Z","UCk2E0dbAyEJWnrN2bbQOcbg","nct 127","10","22.29.11","nct 127nctnycnct 127 nycpajama partysanriospao산리오 잠옷산리오뉴욕엔시티엔시티 127taeiljohnnytaeyongdoyoungjaehyunjungwoomarkhaechanyuta태일쟈니태용도영재현정우마크해찬유타","955968","84592","1853"
"89","3_UMDJaJnlc","penantian mobil impian ryzen nunggu hampir 2 tahun  ryzenvlog","2022-11-19T11:00:03Z","UCq7OyQuEX3kBmCgnpRHXCNA","ryzen gaming","20","22.29.11","pubg indoyoutuber gaming indopubg mobilepubg mobile indopubg ngakakpubg mobile indonesiapubg kocak ngakakpubg funny mommentpubg indonesiapubg mobile vikendipubg mobile alexpubg mobile map barubtr ryzenryzen gamingbigetron dubaibtr zuxxyzuxxy gamingbtr luxxyluxxy gamingbtr microboymicoboy gamingej gamingpmplpmwlbennymozabang alexentruvpro playerbigetronbtr ra","1011678","28648","1013"
"90","ehtuB639uB8","s02e16 final twk kampus indonesia dengan wawasan terbaik adalah  tes wawasan kebangsaan","2022-11-20T12:00:08Z","UCzI8ArgVBHXN3lSz-dI0yRw","narasi","24","22.29.11","narasinarasi originalnarasi signaturetes wawasan kebangsaanfinalipdnuinjadi paham","723647","27805","3006"
"91","ADuAV_JGVP4","review skin lesley starlight fest 2022 efeknya petirnya bikin kejang coy  mobile legends","2022-11-21T11:35:44Z","UCmtAg_U0wvmWdxTlceISdEw","jonathan liandi","20","22.29.11","mobilelegendsmobilelegendsindonesiamlbbmlbbindonesiajonathanliandiemperorgusionemperoremperormobilelegendsjonathansherlavlogjonathanliandifunnymomentemperorempetalkempetouremperordiprankemperorngetrollprankjotrolljoreactionjonathanliandiempedukangfreestyledutamyanmarjoketemumyanmaryangpentingfreestyledulubossyoutubejonathanevosemperorempactionreviewskingachaskinmobilelegendsjosherlajohoneymoongameplaylesleytopgloballesleysupremelesleylesleystarlightfest","640439","15084","1112"
"92","WWzQkyrA5-Y","moment langka di surprise ultah atta halilintar","2022-11-21T09:25:31Z","UCfRNJiafEm1LBBGFTTq4cXw","gen halilintar","24","22.29.11","genhalilintarfamily11kidsuniquehalilintargenbabymomdad","142692","7171","230"
"93","HB1l76mx-3A","ngidam bu siko makan bakso setan hororkomedi  kartun lucu kartun hantu animasi horor","2022-11-19T03:12:20Z","UC7GWXKxiy9_AU9TytEh00eg","rizky riplay","1","22.29.11","hantukartun hantukartun lucukartun hantu lucuhantu lucukartunanimasi hanturizky riplayrizkyanimasi indonesiakartun setansetan lucuanimasi lucuhantu kartun lucuhantu kartunanimasi horroranimasi horor lucubakso setanbakso setan kartunbakso hantubakso pocongbakso kartunabang bakso pocongbaso hantubaso setanabang tukang baksohantu makan baksobu sikobu siko vs bakso setanmakan baksomakan bakso setan","662217","14996","1763"
"94","Nqu46umgJpw","sasya arkhisna  mangku purel  official live music","2022-11-18T06:45:11Z","UCcrFXRWeWnxptBWhILRmbnA","sasya arkhisna official","10","22.29.11","sasyasashasasya arkhisnafull album sasya arkhisnasasya arkhisna terbarumangku purelsasha arkhisnasasha mangku pureladellasasya arkhisna mangku purelmangku purel sasya arkhisna","947560","11016","1107"
"95","YuTtrmv87Hk","ate materinya julid banget tapi bikin nagih  tonight show premiere","2022-11-20T13:00:11Z","UCLojthXNTLMGp6XSp4wgPRw","tonightshownet","24","22.29.11","vincentdestahesti purwadinataenzy storiamy own musicepetonight show terbarutonight show terlucutonight showtnstonight show netvindestatekomikastand up comedysucasucitns premieretonight show premiere","978995","18790","723"
"96","3DGztcamZWA","the best moments in world cup opening ceremonies","2022-11-19T19:05:39Z","UCpcTrCXblq78GZrTUTLWeBw","fifa","17","22.29.11","footballfifaofficialsoccerfutbolfutebolfußballfussballcalciovoetbalكرة فوتبولगलवरलड कपसकलसफटबलgolpiala duniamendribel bolaketerampilanไดประตชงแชมปโลกฟตบอลทกษะكأس العربqatarدولة قطرworld cup qatar 20222022 world cupfifatvwatch arab cupهدف","16786452","231047","5451"
"97","zUtWMVhwiRU","cara nonton piala dunia 2022 streaming di hp android  iphone  laptop dll","2022-11-19T13:02:11Z","UCMbj5wPCBvGALjVnsWKcrIA","kepoin tekno","28","22.29.11","kepoin teknotechtipscara streaming piala duniacara live streaming piala dunia 2022cara nonton piala dunia 2022cara nonton piala dunia lewat internetcara nonton piala dunia di laptopcara nonton streaming piala duniacara streaming piala dunia 2022cara nonton piala dunia di hapecara nonton piala dunia di hpcara nonton piala dunia di tabletcara nonton piala dunia di tv","380513","1768","233"
"98","oH4eGQta3jY","apakah kalian jomblo karena ini juga","2022-11-20T12:06:01Z","UCFQoE23adk7NSPNhBlanu4w","hirotada radifan","24","22.29.11","none","918685","46951","2777"
"99","zgD-R7IXYjQ","mangku purel  shepin misa ft lala widy official music video aneka safari","2022-11-19T05:45:09Z","UCmB1_agPlXbbwTCPKEuwEKA","aneka safari records","10","22.29.11","anekasafarirecordsaneka safari recordsytcconmangku purel djmangku purel koplomangku purel adellamangku purel mukidimangku purel liriklala widy mangku purellala widi feat shepin misasephin misa mangku purelshepin misashepin misa terbarushepin misa terbaru 2022shepin misa livelala widy livelala widi terbaru 2022aneka musicaneka musik full album terbaru 2022aneka musikmangku purel sephin misamangku purel sephin misa ft lala widy","547442","4066","381"
"100","0j84GbjGeEI","mobile suit gundam the witch from mercury 7 shall we gundamencnhktwkrthidvn sub","2022-11-20T09:00:11Z","UCejtUitnpnf8Be-v5NuDSLw","gundaminfo","1","22.29.11","ガンダムgundam高達鋼彈敢达건담gundaminfoガンプラgunpla模型鋼普拉钢普拉건프라高达ytcconplastic modelwitchwitch from mercury水星的魔女","481374","10590","1510"
"101","KuL9iqXfOdI","cerita retno marsudi dan sri mulyani persiapkan g20 pertemanan 43 tahun permudah koordinasi","2022-11-21T05:03:18Z","UCPAxpUn1mrn14xU0JpsLhDg","kompascom","25","22.29.11","cerita sri mulyani dan retno marsudidua srikandi indonesia sri mulyani retno marsudig20jokowijokowi sri mulyani retno marsudiktt g20ktt g20 balipersahabatan sri mulyani retno marsudiretno marsudiretno marsudi jokowiretno marsudi sri mulyanisri mulyanisri mulyani jokowisri mulyani retno marsudi ktt g20 bali","171476","2284","557"
"102","EfIES3G7pM4","reaksi waseda boys ketemu sama bapakbapak gaul  tonight show premiere","2022-11-19T13:00:09Z","UCLojthXNTLMGp6XSp4wgPRw","tonightshownet","24","22.29.11","vincentdestahesti purwadinataenzy storiamy own musicepetonight show terbarutonight show terlucutonight showtnstonight show netvindest","2907998","116979","3649"
"103","pDAoLnGDi9w","ayam terseram guys  chicken feet horror game indonesia","2022-11-20T08:15:01Z","UC3J4Q1grz46bdJ7NJLd4DGw","miawaug","20","22.29.11","miawaugindonesiajakartagamegameplaywalkthroughdownloadmiaaugmiauaugmiawuaugchicken feethorrorayam seramayamterseramhororkocakayam horrorgame lucugame horror lucu","1118675","43315","3296"
"104","QcYNBdTS_Js","24 jam makan serba pasta","2022-11-20T11:30:07Z","UCFuM3BWlLM3YbLjkXBiJ8-A","jessica jane","24","22.29.11","jessica janejesika jane24 jam jessica janejess no limitmukbang samyangmukbang ayam kfcmukbang koreanindonesian mukbangtabi and moochyanjing jessica janetabitabiprank deadchef jessicaresepchef jessica","1096148","40773","1714"
"105","7Dyv6Hs-Rvs","farel prayoga  ayang official music video aneka safari","2022-11-21T05:45:08Z","UCmB1_agPlXbbwTCPKEuwEKA","aneka safari records","10","22.29.11","anekasafarirecordsaneka safari recordsytcconsafari recordsdangdutdangdut koplolagu dangdut terbarufarelfarel prayogafarel prayoga full album terbaru 2022farel prayoga remixfarel prayoga ayangfarel prayoga aneka safariayang nabila lirikayang nabilaayang karaokeayangayang farel prayogakompilasi farel prayogalekaslah kembali kecup keningkuaneka musicaneka musik farel prayogapeluklah tubuhku kecup keningku","471223","12892","2104"
"106","4qqZHeoGZuU","unbw kedatangan murid dari ikon  unbw","2022-11-18T13:30:04Z","UCdpxBSzxXGz_J4K30YGvk_Q","bw","24","22.29.11","boy williamnebengboydibalik pintudrinkswithboy5menitajaboyikonikon bandikon unbwdk ikonjay ikondk ikon unbwjay ikon unbwboy william dk ikonboy william jay ikonkorea boy bandikon koreaikon boy band","1331551","124625","5210"
"107","S8QynN8u7_w","jambu alas  onar feat dessy rafaella official live music  dc musik","2022-11-18T09:30:09Z","UC7FE8E7nCP-sJO8o4FTo93Q","dc production","10","22.29.11","dc musikdc productiondenny caknandangdut koplotrendingviraljambu alasonardessy rafaella","578392","12821","1180"
"108","iAyROkz0RdE","review skin bruno neymar skin 100 ribuan tapi kualitas legend  mobile legends","2022-11-20T09:55:02Z","UCmtAg_U0wvmWdxTlceISdEw","jonathan liandi","20","22.29.11","mobilelegendsmobilelegendsindonesiamlbbmlbbindonesiajonathanliandiemperorgusionemperoremperormobilelegendsvlogjonathanliandiempetalkreactionjonathanliandikangfreestyledutamyanmaryangpentingfreestyledulubossyoutubejonathanempactionreactiontiktokjonathangameplaybrunotopglobalbrunotutorialbrunocaramainbrunobrunoneymarjrskinneymarjrmlbbxneymarjrcaradapetinskinneymarsupremebrunobrunoproplayerbrunosavagebrunomlbbneymarjrneymarmlbbbrunotiktokbrunomarksmanskinbruno","833394","19912","1393"
"109","nDGM3OabPYo","top 1 bruno review skin terbaru neymar jr  mobile legends","2022-11-21T10:52:12Z","UCvh1at6xpV1ytYOAzxmqUsA","jess no limit","20","22.29.11","mobile legendsmobile legendmobilelegendsmlbbmoontonjess no limitjessno limitevos jessevosevos jess no limitrrqrrq lemonlemontuturuouraevos ourazxuancoldalucardbocahfannydonkeypatrickbrandon kentnoobqueenleokoceemperorfox mobawannnjes no limitjestop globaltopglobaltop 1xinnndwi woiiday heldergerrard wijayaharapan bangsasupremetutorialbkent","439115","12634","1003"
"110","zzJvUZBtS7Y","ngawur skin neymar 100k kualitasnya 5 juta rupiah terlalu bagus skinnya cuy  mobile legends","2022-11-20T10:01:43Z","UCirWugW5e03u3DUGA87s58A","oura gaming","20","22.29.11","evos ourayoutube gaminghandcam ourahandcam ekoojuoura castermplmobile legendfreestyle lancelot ouraworldreview skin mobile legendsreact tiktokreact tiktok mobile legendsworld mobile legendsouragpxrrq vs evosgpx vstrendingekoojurrqevosgpxgpx ladiesoura reactm4rrq kingdommobile legends indonesiagerrard wijayamdl 2022mpl s10onic kairievos dlarkungfu pandapiala presiden 2022gpx mdlmplionic","644492","11770","794"
"111","1zd2Smk_1H0","tebak juara piala dunia","2022-11-20T12:00:02Z","UCgYmNAhjfv5GYWBOfzp831Q","maell lee","23","22.29.11","maellemaellersbukankalenggak ada otak kaukuretakkanginjalkauvideo baru maell leebukankalengkalengdjarbiputjeck","657514","16504","1293"
"112","UOPe1C4cpLg","jay ikon x dk ikon  love scenario  killing me  the indonesian big star","2022-11-19T04:05:23Z","UCcYhl60ZtxJBJITB1gywE2w","the indonesian next big star","10","22.29.11","the indonesian next big starikonikondk ikonjay ikonboy williamsandi sandoromia estiantijudikarobby purbakpoptinbsindonesian next big starrctitinbs rctithe indonesian next big star rctircti plustalent searchikon jayikon dkboy williamsandhy sandhoromaia estiantythe indonesian next big star rctirobby purbalove scenario ikonkilling me ikon","631676","45451","2802"
"113","fEQbUktWRLo","jkt48 new era special performance video  eureka milik kita","2022-11-18T14:00:08Z","UCaIbbu5Xg3DpHsn_3Zw2m9w","jkt48","10","22.29.11","jkt48akb48idol you can touchjkt48 team jteam kiiinew eranew era jkt48jkt48 new era","490275","33882","5682"
"114","q5gcW16hgaU","ibt e80 persaingan njan  sonu paii dapetin perhatian ratu auliatiktokers followers 13 juta","2022-11-17T12:00:10Z","UCZWk_k207M--sLScrLdM3JQ","sule productions","24","22.29.11","none","1136659","26703","1803"
"115","GEuomyhI8NE","arief  tolong jaga perasaanku official music video","2022-11-18T09:00:10Z","UCmiJjv8BbzLahKpsfkQaBnA","arief putra","10","22.29.11","arief musikarief putralagu arief terbaurtolong jaga perasaankutolong jaga perasaanku arieflagu arief terbaruariefbagaikan tertusuk durisatu rasa cinta ariefarifsatu rasa cintatiaraemas hantaranrembulan malamtak sedalam iniarief satu rasa satu cintarela kau tinggalkan akugerhana dalam cintaytccon","436617","12521","1108"
"116","WgLIXJX2bSg","mantan chef hotel jualan di pinggir jalan murah  enak","2022-11-20T12:00:18Z","UCraCjR5btmMFGdb3EtBMM1Q","mgdalenaf","24","22.29.11","mgdalenafmgdalenafbekasimgdalenaf bekasimgdalenaf cikarangkuliner bekasikuliner cikarangmgdalenaf terbarumgdalenaf viralmgdalenaf makan pedaskuliner enak bekasikuliner viralkuliner viral bekasimgdalenaf galaxy","842303","12386","571"
"117","rMqZoedy3_g","여기는 필리핀   philippines vlog","2022-11-19T11:00:37Z","UCwgtORdDtUKhpjE1VBv6XfA","nct","10","22.29.11","nctnct dreamwayv엔시티브이로그vlog필리핀philippines엔시티드림웨이브이쿤런쥔양양샤오쥔헨드리kunrenjunxiaojunhenderyyangyang여행","641615","72931","2699"
"118","rdy_1I90FNE","hero baku hantam cocok banget buat saya guys   mobile legends","2022-11-21T04:00:14Z","UCuVxJ829ysWH2OhZJiWdnbg","rrq lemon","20","22.29.11","lemonrrq lemonlemon rrqteam rrqrrq hoshimobile legends","453333","9120","481"
"119","zG1U6vDL1_Y","nmixx funky glitter christmas mv teaser","2022-11-19T15:00:50Z","UCaO6TYtlC8U5ttz62hTrZgg","jyp entertainment","10","22.29.11","jyp entertainmentjypnmixx엔믹스릴리lilylily m해원haewon오해원설윤sullyoon설윤아지니jinni최윤진배이bae배진솔지우jiwoo김지우규진kyujin장규진jypnkpopgirlgroupfunky glitter christmasfgc","1137996","133640","3271"
"120","nFF5PQrbTIM","tutorial joy hero baru  penjelasan combo skill joy  build joy tersakit  cara main joy gameplay","2022-11-18T07:59:59Z","UCyJn1y8Ng32CWFYl-LwGvig","gappermind","20","22.29.11","joy hero barujoy assassin barujoy mobile legendjoy best build 2022joy exp lanejoy offlanerjoy mid lanecara ulti joycara main joycara main skill 2 joygameplay joytutorial joyjoy terbaru mlskill combo joybuild joy tersakitbuild joy paling sakititem joy tersakit 2022item joy paling sakit 2022emblem joyassassin baru mobile legendpenjelasan skill joyjoy mvpspell joy","144871","1587","355"
"121","pe2ewz3QfhE","kumal 8 goyang kumal siapa yang paling heboh ngakak abis","2022-11-18T09:00:11Z","UCI2eaAffV9HFhYpNX1PiCEg","rizkina nazar","22","22.29.11","rizkina nazarvlog rizkinavlog rizkina nazarkumalkumal rizkinarizky nazarsyifa hadjurizky syifarizky nazar syifa hadjurizky dan syifa","314937","12605","489"
"122","Dpc3EkVlS7E","kita jadi kecil untuk prank orang di survive the kill3r","2022-11-20T09:30:03Z","UCkdFTsMOvJkUe41dCNvWhIg","stresmen","20","22.29.11","stresmenstresmen minecraftstresmen robloxodo kentangstresmen roblox obbystresmen obbyobby robloxtroll obbysurvivesurvive the killer","292080","12039","755"
"123","W7UvvVhQEJM","hero ini jadi raja di mobile legends","2022-11-19T07:29:31Z","UCvh1at6xpV1ytYOAzxmqUsA","jess no limit","20","22.29.11","mobile legendsmobile legendmobilelegendsmlbbmoontonjess no limitjessno limitevos jessevosevos jess no limitrrqrrq lemonlemontuturuouraevos ourazxuancoldalucardbocahfannydonkeypatrickbrandon kentnoobqueenleokoceemperorfox mobawannnjes no limitjestop globaltopglobaltop 1xinnndwi woiiday heldergerrard wijayaharapan bangsasupremetutorialbkent","555866","10440","855"
"124","tfXA35wsGr8","gunung kerinci  atap negeri jambi 1","2022-11-17T12:30:22Z","UCw9dUbhQi971MzsLAL8Cwlw","fiersa besari","19","22.29.11","petualanganpetualangperjalanantraveltravelertravelingwandererwanderingeigeradventuresebuahjurnalindonesiajavaborneocelebessumatrapapuamoluccasjawakalimantansulawesisumaterairianmalukubaratwesttimureastselatansouthutaranorthjourneymusicmusikbandindieindependentmountgunungmountainseaoceanlautpantaibeachfiersabesariatapnegeriprovinsikerincikersik tuopadangjambisolok","1147545","39184","3719"
"125","8wKS0jh0tPM","gt86k24 akhirnya selesai  hasil kerja keras 10 bulan","2022-11-19T03:00:03Z","UCmA-OmY_ZW7VZkET-64Psdg","garasi drift","2","22.29.11","none","558463","18953","1232"
"126","TGiXyQnFnys","dasar orang koreamakan nasi goreng aja bahagia bingit bingit","2022-11-17T10:43:14Z","UCHoX7CztP2HlWACVVEtkv-w","hari jisun","24","22.29.11","none","1102162","46594","3306"
"127","CCSz2EMPW1I","pesan cinta dari kami untuk atta halilintar selamat ulang tahun abang","2022-11-20T06:28:58Z","UChC0SS7gzZcoNJShR9Qh8Nw","the hermansyah a6","24","22.29.11","the hermansyah a6anangaurelazrielashantyarsyarsyakeluarga asixkeluarga a6asixa6keluarga hermansyahberita terkiniberita terupdateberita selebritiselebritisartisinfotainmentgosip terbaru hari iniviraltrendinghitsgen halilintaratta aurelatta halilintarthoriq fujiarsy aurelazriel sarah","269470","20686","1231"
"128","FYxJqJKpc60","yang ditunggutunggu akhirnya pindah ke kantor baru tiger wong entertainment","2022-11-17T10:56:54Z","UC5xAPCVizxOfnMECMXkal2Q","baim paula","24","22.29.11","bapaubaim paulabaim wongpaula verhoevenrafatharnagita slavinaraffi ahmadraffinagitadeddy combuzierorang gilaprankprankster indonesiaking of prankjess no limitping pong challengeotongsupir rafathar","791916","35403","4493"
"129","9DcvOtYug3M","릴레이댄스 le sserafim르세라핌  impurities 4k","2022-11-19T03:00:04Z","UCTQVIXvcHrR9jYoJ6qaBAow","m2","24","22.29.11","cj100dancekpopkpopk팝livem2mpdmnetimpuritiesle sserafimle sserafim impuritiesles serafim김채원댄스라이브레세라핌르세라핌르세라핌 임퓨리티르세라핌 임퓨리티스사쿠라아이돌안무엠넷엠투엠피디임퓨리티임퓨리티스카즈하한국허윤진홍은채","2063498","110175","1518"
"130","TJohoL5UsVM","semua full item pake bug ngaco banget sih ini","2022-11-20T00:00:12Z","UCv4Gn9zet7FyMH0n-OEneeg","bass klemens","20","22.29.11","lemontuturujessnolimitalucardcoldzxuanfannyouraevosrrqmplmscmobilelegendsbangtournamenbangbangkaguramoskovnxlnobodygaerowolfsponsorvideowarpathdaylencakarfacebookesportsberitagamersmagicchesschesstdchessrusslittlehopemagicchesstopglobalcaturmoba","289408","5569","460"
"131","2xGqXSgS680","wahfuji mau nginep dan party dirumah verrell thoriq langsung mau nyamperin  prank call","2022-11-17T11:39:11Z","UC7cTuJ22N0iIuEdYrEiMHTg","bramasta vrl","24","22.29.11","vlogverrell bramastaprankchallengeartisindonesiaathallavenna melindasinetronsctvrctibramastavrlranty marianatasha wilonaanrez adeliobila ku jatuh cintacinta tanpa alasancinta anak mudapenyanyisingleactor","892320","21926","1095"
"132","ujdbzNRLcGg","tangis bangga ayah aan afan kepalsuanmu hasil mengurung diri di kamar asrama  dacademy 5","2022-11-17T05:24:06Z","UCDjF5JQiaHh982vAgtAYCcw","dacademy indosiar","24","22.29.11","dangdut academy indonesiadangdut academy indosiardangdut indosiardangdut academydangdut indonesiadangdutramziirfan hakimrina noserita sugiartosaipul jamiliis dahliainul daratistabeniqno aquinoivan gunawanlestisubrodonaatyfransikifglennfebroevadeswa","370859","5667","575"
"133","ShbqYtaIl58","afgan  pendam  official music video","2022-11-18T09:00:28Z","UCebb7o98FEA73WjNsCja5Xg","trinity optima production","10","22.29.11","trinity optima productiontrinityafgannauramawar de jonghofficial music videolagu indonesia terbarupoplagu pop terbaruafgan pendampendamafgan 6262afgan lestari merduafgan pulihlestari merdulenggang puspitapulihchelsea islanafgan chelsea islanpendam afganafgan pendam liveafgan terbarulagu afganlagu afgan terbaruafghan pendamafgan terbaru 2022lagupendam afgan lirikafgan lagu baruafgan lagu terbarulagu barulagu pendam","585460","4490","357"
"134","Ajqc3o366wI","semoga murah  unboxing xiaomi 12t indonesia","2022-11-19T04:34:50Z","UC1dI4tO13ApuSX0QeX8pHng","gadgetin","28","22.29.11","none","1121913","24911","3408"
"135","axk92wSkg64","judika  medley song  the indonesian next big star","2022-11-19T03:55:17Z","UCcYhl60ZtxJBJITB1gywE2w","the indonesian next big star","10","22.29.11","the indonesian next big starikonikondk ikonjay ikonboy williamsandi sandoromaia estiantijudikarobby purbakpopsik sik batumanikambagaimana kalau aku tidak baikbaik sajatinbsindonesian next big starrctitinbs rctithe indonesian next big star rctircti plustalent searchikon jayikon dkboy williamsandhy sandhoromaia estiantyrobby purbathe indonesian next big star rcti","325615","12474","434"
"136","JrJfmEnVrwE","cerita masalalu dan alasan keluarga kalideres","2022-11-18T08:15:00Z","UCFQoE23adk7NSPNhBlanu4w","hirotada radifan","24","22.29.11","none","1320841","47416","2590"
"137","4q9B5GEDM3g","rossa  hati yang kau sakiti korean version  the indonesian next big star","2022-11-19T04:09:26Z","UCcYhl60ZtxJBJITB1gywE2w","the indonesian next big star","10","22.29.11","the indonesian next big starikonikondk ikonjay ikonboy williamsandi sandoromaia estiantijudikarobby purbakpoprossa korean versionhati yang kau sakiti korean versiontinbsindonesian next big starrctitinbs rctithe indonesian next big star rctircti plustalent searchikon jayikon dkboy williamsandhy sandhoromaia estiantythe indonesian next big star rctirobby purba","214801","7702","266"
"138","5mUQyz0kukk","meghan trainor  made you look again","2022-11-16T17:00:32Z","UCf3cbfAXgPFL6OywH7JwOzA","meghantrainorvevo","10","22.29.11","meghan trainorthank youtreat myselfnicki minajnice to meet yatitlechristmaschristmas albummeghan trainor christmaslast christmasmy kind of presentchristmas seasonchristmas musicall about that basslike im gonna lose youno excusesepicepic recordsnew musicdillon francisjay dixietreat myself deluxeworkin on itlennon stellasasha sloanwavemike sabbathmeghan trainor bad for metakin it back","6248078","179950","4181"
"139","goScjFEVKsU","akhirnya kita cerita tentang kejadian seram dirumah kita yang baru","2022-11-17T09:00:23Z","UCnIku3Gady1DkVCogrTWjBQ","daffa  gita","22","22.29.11","daffa  gitacouple goalscouple goals indonesiacara mendapatkan pacarcerita cintapengalaman pacarangita vbprdaffa chorelationshipcinta sejatiperjuangan cinta","316797","8847","1064"
"140","fJFukxSWwnw","slam","2022-11-16T09:03:52Z","UC5Et9DRe0DEj4Jzcsr8gHYQ","secret number  topic","10","22.29.11","secret numbertapslam","411809","31158","125"
"141","3kRcBL8eEVs","raisa  bertahan  pergi","2022-11-16T05:00:10Z","UCWtEVSoHjLN0tJNj2rgnhqg","raisavevo","10","22.29.11","raisabertahanpergijunirecordspop","815437","29024","2433"
"142","g14L1QSDIVU","vloggg receh belanja bulanan","2022-11-16T04:59:01Z","UCGd6ly1Govd77mjyvSKjRtA","arief muhammad","24","22.29.11","arief muhammadpocongggtiara pangestikatipangdaily vlog indonesiaibrahim wishaka el emranibrahim","669175","29651","2131"
"143","DM3MqjTeEjU","live welcoming dinner and cultural performance g20 indonesia bali 15 november 2022","2022-11-15T13:03:34Z","UC_m_NBgf7ieJBHzb6vvJC5A","sekretariat presiden","25","22.29.11","none","2427223","51663","4647"
"144","NPjZTfNEaLI","nmixx seventeen 아주 나이스very nice dance practice","2022-11-17T13:00:12Z","UCnUAyD4t2LkvW68YrDh7fDg","nmixx","10","22.29.11","jyp entertainmentjypnmixx엔믹스릴리lilylily m해원haewon오해원설윤sullyoon설윤아지니jinni최윤진배이bae배진솔지우jiwoo김지우규진kyujin장규진jypnkpopgirlgroupentwurfdice","949354","68517","1627"
"145","h4iXRvfSQIo","jurnalrisa 219  menguji nyali ncess nabati di rumah kosong","2022-11-17T14:00:20Z","UCKFC1LYWw1fbe9LNfm2vEPg","jurnal risa","22","22.29.11","jurnalrisarisa saraswatidanurasihpenelusuranghostcartoursjurnalceritasejarahtanyarisapeter cspeter cs jurnalrisapenelusuran jurnalrisaghostbustourghostcartourjurnalrisa ghostbustourjurnalrisa ghostcartour","637947","23887","1860"
"146","pn6-KDk1a0U","alina terluka karena melindungin syifa  tajwid cinta episode 10","2022-11-17T05:00:07Z","UCTbbyWF1FWQIcng2Gg2CnxQ","sinetron sctv","24","22.29.11","kompilatopsinetron sctvtajwid cintasinetron tajwid cintatajwid cinta episode 10tajwid cinta hari inihighlight tajwid cintacut syifa dan harris vrizaafifah ifahnda","304515","2383","243"
"147","11U47EtaPgY","beomgyus you original song lany  txt 투모로우바이투게더","2022-11-16T15:00:02Z","UCtiObj3CsEAdNU6ZPWDsddQ","tomorrow x together official","10","22.29.11","투모로우바이투게더tomorrow x togethertxt연준수빈휴닝카이태현범규yeonjunsoobinhueningkaitaehyunbeomgyu빅히트뮤직","1305122","177624","13650"
"148","bEdURcYB1DM","viral aksi pemotor halangi mobil mpv lawan arus berhasil menarik perhatian netizen","2022-11-17T07:26:14Z","UCAWAdOaScOQFGARJMjo4qhA","tribunnews sultra official","25","22.29.11","viralvideo viralkendarisulawesi tenggarasultratribunnews sultrapemotormobil lawan aruslalu lintastribunnews sultra","2247750","7790","2503"
"149","KWuuiLxaq3c","shepin misa  mangku purel official music live siji loro telu mangku purel neng karaokean","2022-11-17T09:00:07Z","UCADAu4Ca2zipojrludvFnaw","berkah talenta","10","22.29.11","berkah talentamusikmusicindonesialagu jawalagu dangdutkoplodangdutshepin misashepin viralshepin trendingmangku purelmangku purel neng karaokeanadella mangku purelberkah talenta mangku purelsasya arkhisnahappy asmaradenycaknansiji loro telushepin misa terbarushepin misah full albumshepin misa terbaru 2022shepin misah full album 2022kowe wes lali omahmangku purel neng karaokeansumpaho janji karo atimuaku wes nate kondo awakmu","182250","1973","225"
"150","hDW7YlhZb6M","cipung rayyanza ulang tahun perayaannya bakal mewah  raffi everywhere e11 nagita tiba tiba tenis","2022-11-18T13:00:09Z","UCU7U3fcM-PQs39jFSj5pVMg","noice","24","22.29.11","noicepodcastnoisenoice meme podcastraffi everywhereraffi ahmadraffi everywhere terbarutrio kurniatrio kurnia terbarutrio vincent andre destatiba tiba tenisvindes sporttenis raffi destaraffi vs destatiba tiba tenis wulan guritnoenzy dion tiba tiba tenistiba tiba tenis ranssoleh solihunsoleh solihun tenissoleh tiba tiba tenistiba tiba kalah tenissoleh vincentdesta tenis raffi ahmadvindesnagita slavinacipung rayyanzacipunggigi","512943","8667","294"
"151","Z-14ZafwWmg","astagaaa sakurani melahirkan kok bisa anak siapa itu sakura school simulator  part 614","2022-11-16T11:41:01Z","UCs89kFyfKM24SFFAb_vqpBQ","ani nurhayani","24","22.29.11","aningegamesakuraschoolsimulatorsakuraschoolsimulatorindonesiaidsakuraidsakuraschoolsimulator","313106","6045","270"
"152","6p4SeR3pliM","nike fc presents the footballverse","2022-11-16T08:01:10Z","UCNhxq7He5p-_FdBh0OaxcQg","nike football","17","22.29.11","nikenike commercialfootballversenike fccristiano ronaldokylian mbapperonaldinhor10ronaldor9alex morganvirgil van dijkkevin de bruyneleah williamsonphil fodencarli lloydedgar davidssam kerrshane kluivertcr jr","6561674","220740","7373"
"153","lXtrLjjEFNw","kismyft2 rebirth stagemusic video","2022-11-17T12:30:08Z","UCwVX4BFoELC1lfOFMzbJlOg","kismyft2","24","22.29.11","none","5226577","0","2399"
"154","cZJADfjPOXs","bakso paling menegangkan micin dan bawang gorengnya asal di sembur","2022-11-17T12:00:33Z","UCzkPdqu5kr09G6d0Zi95uYw","farida nurhan","22","22.29.11","none","476167","8139","370"
"155","9uljJ4-ntH8","inget ka mantan  ade astrid x gerengseng team live angkringan teh ita  aduh jadi inget ka mantan","2022-11-14T09:19:42Z","UCzxLFG_G8UwCB4hKrOnSWDg","sembada music","10","22.29.11","sembada musicade astrid gerengseng teamade astrid inget ka mantangerengseng team inget ka mantanade astrid angkringan teh itainget ka mantansembadasembada inget ka mantaninget ka mantan ade astridinget ka mantan gerengseng teaminget ka mantan sembada musicinget ka mantan sembadainget ka mantan gerengsenginget ka mantan angkringan teh itasembada music ade astridade astrid sembadacover lagu inget ka mantanade astridjadi inget ka mantan","834657","7929","360"
"156","4Qg4fx1j54s","jamuan makan malam pemimpin g20 gwk bali 15 november 2022","2022-11-16T11:20:59Z","UC_m_NBgf7ieJBHzb6vvJC5A","sekretariat presiden","25","22.29.11","none","1008924","22980","2652"
"157","Mu4DqDog8lk","s02e15 episode spesial twk tes wawasan komika  tes wawasan kebangsaan","2022-11-17T12:00:13Z","UCzI8ArgVBHXN3lSz-dI0yRw","narasi","24","22.29.11","narasites wawasan kebangsaanuinipdnnarasi signaturenarasi originaljadi paham","330888","10168","462"
"158","mIkn8cPONDc","jokowi bilang pemimpin g20 kaget saat diajak ke tahura bali ada apa","2022-11-16T07:26:16Z","UC5BMIWZe9isJXLZZWPWvBlg","kompastv","25","22.29.11","hutan mangrovejoe bidenjokowiktt g20tahura balikompasberita kompasberita kompastvkompas newskompastvkompas tvkompastv live streamingkompas tv live streaminglive streamingindonesianewsyoutube newsberita terbaru hari iniviral terbarubreaking newslive newsberita terkinitop news","1209011","10882","893"
"159","qWmA0mYhd_4","tiba tiba tenis 2022 persembahan vindes sport desta vs raffi","2022-11-12T16:45:07Z","UC1L5t_qRObt_njnkihXXIUA","vindes","17","22.29.11","none","10508292","239666","11185"
"160","aqW4xXUgmno","choreography bts 방탄소년단 달려라 방탄 run bts dance practice","2022-11-13T10:00:02Z","UCLkAepWjdylmXSltofFvsYQ","bangtantv","10","22.29.11","방탄소년단btsbangtan알엠rm슈가suga제이홉jhope지민정국kpop방탄jhopejung kookjiminbts vjin","32511586","2598017","97270"
"161","Hj40Ggb61SA","16ribu dapet ayam jumbo sambel ganas fresh diantriin berjam jam","2022-11-15T10:07:46Z","UCGIomg-LEgMqE_7ZRzmD6hA","boengkoes","22","22.29.11","boengkoesbungkusstreet foodkuliner indonesiawisata kulinerwarung emakwarung ayam geprek emakayam geprekayam geprek enak di jakartaayam geprek murah meriahspicy food indonesiatelur geprekmakanan pinggir jalankuliner enak dan murah di kuningan jakartaayam geprek jumboayam geprek mak fanimakanan hidden gem jakarta","419577","7207","365"
"162","tUEraaV5inc","chen 첸 사라지고 있어 last scene mv","2022-11-14T09:00:28Z","UCEf_Bc-KVd7onSeifS3py9g","smtown","10","22.29.11","첸사라지고 있어엑소뮤비뮤직비디오박해수chenlast sceneexomvmusic videoteaserpark haesoodramatize드라마타이즈이별감성가을발라드","1825956","251467","39558"
"163","AM3sZXlyYGI","intip kecanggihan the beast mobil milik presiden amerika serikat joe biden  kabar siang tvone","2022-11-16T07:16:45Z","UCER4rvDnRBPr_ncYW4UCZjg","tvonenews","25","22.29.11","tvonetvonenewstv onetvone livetv one liveberita terbarunewsberitatvone terbarutv one terbarutvone updatenews livelive reportberita terkininews updateberita updatetv one updatetvonenewscomlive streamingkabar petangkabar siangapa kabar indonesiakabar utamailc tvonetalkshowtalk show reloadilckabar pagi","293598","2257","580"
"164","yOMRXl_lRrg","gak salah nih mie ayam kampung porsi raksasa plus bakso urat grenyel","2022-11-17T11:00:42Z","UCwXPLUOgfDRdDuDQup-mWNQ","gerry girianza","22","22.29.11","none","271728","4623","153"
"165","k5pz9KEVcSw","challenge baloyskie maen natalia jungler nyesel gw kasih dia maen nata bangke  mobile legends","2022-11-15T12:00:35Z","UCmtAg_U0wvmWdxTlceISdEw","jonathan liandi","20","22.29.11","mobilelegendsmobilelegendsindonesiamlbbmlbbindonesiajonathanliandiemperorgusionemperoremperormobilelegendsvlogjonathanliandiempetalkreactionjonathanliandikangfreestyledutamyanmaryangpentingfreestyledulubossyoutubejonathanempactionreactiontiktokjonathangeekfamidonicphbaloyskiegeekbaloyskiemplseason10baloyskiefrancobaloyskienataliabaloymplidgeekfamvsblacklistbaloyjanaaqtnataliabaloyskiebaloynatanataliaonicphnataliatopglobalnataliasupremenataliatutorialnatalia","1152154","34464","1403"
"166","d3gQmbAcvUA","metropedia ada potensi tsunami raksasa kita bisa apa","2022-11-13T07:20:25Z","UCzl0OrB3-ehunyotIQvK77A","metrotvnews","25","22.29.11","metrotvnewsmedcomidberita viralberita terkiniberita hari iniberita updatemetrotvportal beritaberitanews channelberita videoberita duniaheadline newsnews wordmetro global network","3728026","29983","8709"
"167","108p_2vWPNQ","cerita irwan sumenep berhasil mempersunting pujaan hatinya  pagi pagi ambyar 151122 p1","2022-11-15T07:27:38Z","UCIohHXwCEKxWCLvAguJ-GjA","trans tv official","24","22.29.11","irwan sumenepyusuf mahardikaqorinrian ibramdewi perssikking nassarcaren delanotranstvtrans tvtransmedialive streaming trans tvtrans tv live streamingterbaruacara trans tvtrans tv livetrendinvideo trendingtrending hari inigosipshortsselebritiartis","1250705","12470","1353"
"168","L5Cb67mqPRY","episode spesial  milyhya x kobo kanaeru","2022-11-12T12:00:09Z","UC0ohl1eKTtlJNqbD-HWRQVg","milyhya","20","22.29.11","milyhyakobokanaerumasoddyremiivanvalorantfpsdbdhorrorvisualnovelstoryvncollabgamegamingfilmisekaianimevtuberhololiveidindonesia","3554126","251214","11545"
"169","xhZ3ZhpbyQk","photoshoot dalam roda di indonesias next top model mas panca unjuk gigih","2022-11-15T11:00:08Z","UC2gcH_Ga4vmLz3cLnXPHJoA","ganegani","22","22.29.11","ayu ganiganeganimodelmodel wanitaprofessional modelasias next top modelindonesias next top modelsphotoshoot yang menakutkanintmviralcycle 3intm cycle 3mas pancaluna mayashynkamarella mulwantotrixie theolamonica bajunaidberlian auranathalie keziafey zeekezia tanintania rachmashalfa putricoco callistanadia vanessadenissa advenettamichelle kerdjkiko bustomiraisa almiraolivia pramaisellapaula andrea","374087","2940","173"
"170","UF6y_ejb1lg","red velvet 레드벨벳 the reve festival 2022  birthday mood sampler","2022-11-14T15:00:16Z","UCk9GmdlDTBfgGRb7vXeRMoQ","red velvet","10","22.29.11","레드벨벳red velvetbirthday아이린조이슬기웬디예리irenejoyseulgiwendyyerithe reve festival 2022the reve festival 2022  birthday","1184159","141607","5445"
"171","PlGqaKeJCoM","cobain nasi gandul sarwendah dan betrand ketagihan  the onsu family","2022-11-16T02:00:09Z","UCJvQLi9uJEGBpD8t3DZyHpw","the onsu family","24","22.29.11","the onsu familythe onsu family terbarubetrand peto ruben onsuonsu familydiary the onsuruben sarwendahsarwendah cherrybelleonsu family terbaruthania the onsulucinta lunakakak beradik podcastmami niathania putri onsuthania dan sarwendahbetrand peto putra onsuruben onsu familysarwendah thaniasarwendah thaliabetrand the onsuonyo the onsu","455938","11482","480"
"172","16lNepWS8VU","jurnal ngangkot rasa penelusuran","2022-11-15T14:00:00Z","UCKFC1LYWw1fbe9LNfm2vEPg","jurnal risa","22","22.29.11","jurnalrisarisa saraswatidanurasihpenelusuranghostcartoursjurnalceritasejarahtanyarisapeter cspeter cs jurnalrisapenelusuran jurnalrisaghostbustourghostcartourjurnalrisa ghostbustourjurnalrisa ghostcartourjurnal ngangkot rasa penelusuranjurnal ngangkot","564135","24793","1435"
"173","7EtFOU62-7A","ayang  difarina indra adella  om adella","2022-11-15T05:15:07Z","UCP3J77MiNCYxhRnfHmeWk7Q","henny adella","10","22.29.11","henny adellaadella terbaru 2022satru 2tiaradifarina indrajoko tingkirdangdut koplomusic of asialagulagu duet adellaayangdifarina indra adelladifarina indra adella  henny adellanabila maharaniayang cover nabilalive music performance","1269256","17800","1729"
"174","V6Awp7ZmVZM","korban kecelakaan di warkop mbok darmini horormisteri  kartun hantu animasi horror","2022-11-13T03:03:44Z","UC7GWXKxiy9_AU9TytEh00eg","rizky riplay","1","22.29.11","hanturizky riplaykartunkartun hantukartun hororanimasi hantuanimasi hororcerita misterihoror mistericerita hantucerita hororhantu kartunfilm animasi hororanimasi horroranimasikartun horrorhantu warunghantu warkopwarkop hantuwarung hantuhantu korbankorban kecelakaanhantu kecelakaanhantu korban kecelakaanhantu penasaranwarung setanwarkop setanhantu ngopihantud i warkop","1094190","23034","2192"
"175","hzl1UxXn_cE","soleh solihun mvp tiba tiba tenis desta gak berkutik lawan raffi  trio kurnia eps 31","2022-11-16T13:17:26Z","UCU7U3fcM-PQs39jFSj5pVMg","noice","24","22.29.11","noicepodcastaudiobookaudioseriesnoisenoice meme podcastraffi everywhereraffi ahmadraffi everywhere terbarutrio kurniatrio kurnia terbarudestavincentandretrio vincent andre destatiba tiba tenisvindes sporttenis raffi destaraffi vs destatiba tiba tenis wulan guritnoenzy dion tiba tiba tenistiba tiba tenis ranssoleh solihunsoleh solihun tenissoleh tiba tiba tenistiba tiba kalah tenissoleh vincentdesta tenis raffi ahmadbotunavindes","375649","4619","454"
"176","0mGIZx6soSE","kecantikan wulan guritno bikin pak bolot sembuh","2022-11-14T10:49:14Z","UCo1CFjot3CX97sn_ngJnGPg","ini talk show","23","22.29.11","netmedianetmedianetmediatamaindonesiajakartanet tvgosipartisselebselebritiini talk showsuleandretalk showcomedykomedi","698595","3472","205"
"177","BR-w92eh1aE","artbeat 아트비트 magic mv","2022-11-16T09:00:04Z","UCgZlBRLRB1-0l-qL9BkecLQ","artbeat","24","22.29.11","artbeat아트비트dance댄스춤영상댄스 영상choreography안무안무 영상dance covercover dance커버댄스댄스 커버ab projectab프로젝트에이비프로젝트여기서요방구석 여기서요herehere in the gymkpop in publickpop in public challenge","866595","73209","3987"
"178","Lc5nAghWbX8","eksklusif  luna maya  ayu ting ting duduk bareng bahas masalah masa lalu  ada apa","2022-11-12T11:00:20Z","UCyjQkeVSZiAuHnlNutEcP4w","luna maya","24","22.29.11","luna mayaboy williamayu ting tingdibalik pintuayu tingtingramalan denny darkoayu ting ting boy williamnebeng boyivan gunawanrahasia ayu  boyayu ting ting  boy williampacar ayu ting tingayu ting ting dan boy william pelukanayu ting ting dan boy william menikah","1164182","43352","3146"
"179","M4lpT5MpUqA","pagipagi rumah ayu ting ting diserbu tamu tak diundang  tibatiba datang","2022-11-12T04:00:05Z","UCrrimexxJpH-zLIrg_IPV_w","mop channel","24","22.29.11","mop channelmopruben onsujordi onsu","1512242","45195","3125"
"180","uWrhlvklOUs","mangku purel  lala widy official live music","2022-11-12T07:00:07Z","UCcSVA15A6UNouOvHsixy1ng","perdana record","10","22.29.11","gedang klutukefek gedang klutukjoko tingkir ngombe dawetdermaga birugedang klutuk koplotiarabenang biruruntahtasya rosmaladua kursimangku purel  lala widy official live musiclala widymangku purellala widy joko tingkirmangku purel adella","780350","5974","1866"
"181","QAyQTElZBh0","istana cinere akhirnya selesai ameena jadi yang pertama nginep","2022-11-12T05:50:12Z","UChC0SS7gzZcoNJShR9Qh8Nw","the hermansyah a6","24","22.29.11","the hermansyah a6anangaurelazrielashantyarsyarsyakeluarga asixkeluarga a6asixa6keluarga hermansyahberita terkiniberita terupdateberita selebritiselebritisartisinfotainmentgosip terbaru hari iniviraltrendinghitsgen halilintaratta aurelatta halilintarthoriq fujiarsy aurelazriel sarah","2703631","33720","963"
"182","U82wue4_FfI","akhirnya skin spesial frost diamond versi pertama sudah ada di stumble guys serba es beku","2022-11-14T10:55:45Z","UC4hGmH5sABOA70D4fGb8qNQ","frost diamond","20","22.29.11","frostdiamondtutorialminecraftstumble guysstumble short cutstumble jalan pintas","663277","26491","4465"
"183","Cu27UjsAmJI","sedikit tips parenting dari nikita willy","2022-11-12T12:00:14Z","UCEVbeHvzZluIW261NtIrXIQ","nikita willy official","22","22.29.11","nikita willyindra priawanindra priawan nikita willyindra priawan djokosoetononikita willy officialtravel vloggernikita willy vlog channelnikita willy travellingkehamilanpregnancynikita willy babymoonamerikawealthyfamilylahiranbabymoonviralsultansinetron nikita willynikita main sinetron lagisinetron nikitaparenting nikita willyparenting artisparenting anak ala artisparenting indonesiaanak artisbaby issanikita willy dan baby issa","1125109","19449","642"
"184","b-B9Pvw2ZJs","pantiasuhan kok endingnya begini banget sih","2022-11-13T09:30:14Z","UCFQoE23adk7NSPNhBlanu4w","hirotada radifan","24","22.29.11","none","1273943","79334","10144"
"185","Qzv6DqIIclo","maulana ardiansyah  kehadiran cinta live ska reggae","2022-11-11T12:00:06Z","UCfHQmOQ1Ynej5GZsU83hOSA","maulana ardiansyah","10","22.29.11","kehadiran cintamaulana ardiansyahska reggaeliveskareggaelive ska reggaekehadiran cinta skakehadiran cinta reggaekehadiran cinta live ska reggaekehadiranmuminanglagu minangthomas arya kehadiran cintamaulana ardiansyahmaulana ardiansyah terbarumaulana ardiansyah playlistmaulana ardiansyah fullmaulana ardiansyah full albummaulana ardiansyah albummaulana ardiansyah ska reggaemaulana ardiansyah terbaru full","887895","13432","6761"
"186","zpHaEnHhCSY","zack tabudlo  by my side official music video ft tiara andini","2022-11-12T10:00:09Z","UC3FXJBrfED9rOwn55hbbKXA","zacktabudlovevo","10","22.29.11","zacktabudlosidefttiaraandiniuniversalmusicphilippinesincpop","511119","24430","4448"
"187","IG1ji8WviU4","sidak rumah ryan  sharena delon elegan dan bikin nyaman banget","2022-11-11T12:01:10Z","UC6SPCnTAIanF2_8ST2wrQzw","taulany tv","22","22.29.11","none","1981854","27665","1316"
"188","dNwCCC-ZrMY","roblox tapi aku nambah darah setiap detiknya","2022-11-13T13:03:11Z","UC50LmJxoKQGpeA2e-0JCY7g","beaconcream","20","22.29.11","minecraftminecraft indonesiarobloxroblox indonesiabeaconcreamroblox butminecraft tapiroblox but every second you get 1 health","519189","18196","1449"
"189","CvLavUpwuDU","s02e14 itb vs ipdn pertandingan tersulit di twk  tes wawasan kebangsaan","2022-11-13T12:00:16Z","UCzI8ArgVBHXN3lSz-dI0yRw","narasi","24","22.29.11","narasites wawasan kebangsaannarasi originalnarasi signaturejadi paham","366383","12285","1328"
"190","Mfcb1SFi_dQ","dia adalah kartun iblis yang mengerikan bendy and the ink machine gameplay 1","2022-11-13T11:11:21Z","UCoIiiHof6BJ85PLuLkuxuhw","windah basudara","20","22.29.11","dia adalah kartun iblis yang mengerikan bendy and the ink machine gameplay 1bendy and the ink machinebendy gameplaybendy and the ink machine indonesiabendy and the ink machine gameplaybendy and the ink machine full gamewindah basudarawindah basudara live streamingwindah basudara horror gamewindah basudara horror indonesiabendy and the dark revivalbendy songsbendy cartoonbendy horror gamebendy ink machine","517632","19657","1773"
"191","63yMOyq8lQM","nct 127 윤슬 gold dust nct 127 2nd tour neo city  seoul  the link","2022-11-11T13:00:05Z","UCk2E0dbAyEJWnrN2bbQOcbg","nct 127","10","22.29.11","nct 127neo cityseoulthe linkgold dusttaeiltaeyongjohnnyyutadoyoungjaehyunjungwoomarkhaechan엔시티 127네오시티서울콘더링크플러스플러스콘윤슬라이브퍼포먼스livestageperformance스테이지태일태용쟈니유타도영재현정우마크해찬무대","693805","71566","2573"
"192","r-jxE-_wRzM","esa risty  rungkad official live music rungkad entekentek an","2022-11-11T03:00:07Z","UChFv0WPR47xMAPpCJWUgk1Q","esa risty official","10","22.29.11","esa ristytak sedalam initop topaneka risty terbaruandai rasa di hati tak sedalam inirelaku mengalahsekuatkuatnya hatiku sayangrungkad lirikrungkad koplorungkad coverrungkad adellarungkad yeni inkarungkad entek entekanofficial live musicmusic of asia","340021","5182","518"
"193","Dbs3l_ZJR6o","treasure  volkno mv","2022-11-09T15:00:11Z","UCx9hXYOCvUYwrprEqe4ZQHA","treasure 트레저","24","22.29.11","yg entertainmentyg와이지kpop트레져트레저treasurechoi hyun sukjihoonyoshijunkyumashihoyoon jae hyukasahibang ye damdoyoungharutopark jeong wooso jung hwan최현석지훈요시준규마시호윤재혁아사히방예담도영하루토박정우소정환treasure the second stepthe second steptreasure 직진treasure jikjinjikjin직진트레저 직진","18729494","476194","34557"
"194","SbvmCJubq7A","sepine wengi  difarina indra adella  om adella  dangdut official","2022-11-10T05:15:10Z","UC54CCNPLq_NxG_8gjMs62NQ","adella official","10","22.29.11","dangdutsepine wengi  difarina indra adellaom adellaadella officialadella terbaruom adella terbaruadella terbaru 2022full album om adellahenny adellamangku pureldangdut koplodangdut koplo 2022dangdut palapakoplo dangdut full albumdangdut koplo terbaik 2022all dangdut playlagu dangdut 2022lagu dangdutlagu dangdut terbaru","583251","8104","770"
"195","dMxP6-a39_Q","penjinak binatang yang bertemu gadis bertelinga hewan  episode 07 takarir indonesia","2022-11-12T14:00:08Z","UCxxnxya_32jcKj4yN1_kD7A","muse indonesia","1","22.29.11","beasttamerbeastkemonokomediromansaanimemusedirumahajahewankucingnagaperi","414854","12213","816"
"196","FSXcA0FPpbM","con la brisa from black panther wakanda forever  music from and inspired byvisual","2022-11-04T06:08:32Z","UCP55DP1xXupgE8nm2mZG6MQ","marvelmusicvevo","10","22.29.11","foudequshludwiggöranssonconbrisafromblackpantherwakandaforevermusicfromandinspiredbyvisualizerrocnationdefjamhollywoodsoundtrack","3869737","123370","3438"
"197","qEVUtrk8_B4","john wick chapter 4 2023 movie official trailer  keanu reeves donnie yen bill skarsgård","2022-11-10T17:00:03Z","UCJ6nMHaJPZvsJ-HmUmj1SeA","lionsgate movies","1","22.29.11","john wickjohn wick 4john wick chapter 4john wick chapter 4chad stahelskimichael finchshay hattenderek kolstadkeanu reevesdonnie yenbill skarsgårdlaurence fishburnehiroyuki sanadabowery kinglance reddickrina sawayamaian mcshanewinstonactionscott adkinsnatalia tenaclancy brownhitmanhit manassassinmartial artsstuntsbabayaganew john wickjohn wick 4 trailerjohn wick official trailer","33995779","581806","24912"
"198","AiHv8wNOW5I","denny caknan feat happy asmara  mendem wedokan official live music  dc musik","2022-11-08T09:30:08Z","UC7FE8E7nCP-sJO8o4FTo93Q","dc production","10","22.29.11","dc musikdc productiondenny caknandangdut koplotrendingviralhappy asmaradenny caknanmendem wedokanwedoanmendem wedoanlagu dc musikdc musikdc productionhappy asmara ft denny caknandenny caknan ft happy asmara","3154761","97952","6505"
"199","izc8IKVjPCA","alexa 알렉사  back in vogue official mv","2022-11-11T03:00:18Z","UCWWzmRMh6BPcEt46XlTyp1w","alexa  zb label","10","22.29.11","alexaalexa bombalexa kpopbombproduce 48alex christineai trooperalexa zbalexa zb labelzb labelzanybroskpopkpopkorean알렉사female idolkpop idolkpop idolfemale soloistkpop soloistalexa zbdecoherencevillainkpop mvkpop mvkpop music videoalexarevolutionalexa xtraamerican song contestamerican song contest oklahomaascasc oklahomaasc contestantasc kpopwonderlandgirls in vogueback in voguegone vogue challenge","12209559","117169","3764"
