,video_id,title,publishedAt,channelId,channelTitle,categoryId,trending_date,tags,view_count,likes,comment_count
0,R1DKOiGrE-o,Rashford and Foden fire England to victory against Wales  World Cup 2022,2022-11-29T20:54:16Z,UCW6-BQWFA70Dyyc7ZpZ9Xlg,BBC Sport,Sports,22.01.12,BBC|BBC Sport|Highlights|2022|world cup 2022|football|soccer|doha|qatar|qatar 2022|world cup|fifa world cup 2022|fifa|fifa world cup|england|wales|england 30 wales|england 30 wales highlights|marcus rashford|marcus rashford goals|marcus rashford freekick|phil foden|phil foden goals,699854,9296,1994
1,zugAhfd2r0g,ITZY Cheshire MV ITZY,2022-11-30T08:58:09Z,UCaO6TYtlC8U5ttz62hTrZgg,JYP Entertainment,Music,22.01.12,JYP Entertainment|JYP|ITZY|있지|イッチ|예지|리아|류진|채령|유나|YEJI|LIA|RYUJIN|CHAERYEONG|YUNA|イェジ|リア|リュジン|チェリョン|ユナ|อทจ|เยจ|ลอา|รยจน|แชรยอง|ยนา|ITZY VIDEOS|ITZY LOCO|ITZY BEHIND|MV|ITZY MV|ITZY MUSIC VIEDOS|Teaser|ITZY Teaser|ITZY VLOG|VLOG|ITz Different|ITz ICY|ITz ME|Not Shy|GUESS WHO|CRAZY IN LOVE|DALLA DALLA|ICY|WANNABE|마피아IN THE MORNING|LOCO|SNEAKERS|있지있지|있있|CHESHIRE|체셔,3917749,595217,34776
2,MST-0jsOTN0,space,2022-11-30T04:47:25Z,UC8Q7XEy86Q7T-3kNpNjYgwA,Incognito Mode,Comedy,22.01.12,space|astronomy|internet historian|in the field|storymode,764572,69180,3536
3,ohJrpHUoZ10,The Super Mario Bros Movie Direct  11292022 Second Trailer,2022-11-29T22:09:58Z,UCGIY_O-8vW4rfX98KlMkvRg,Nintendo of America,Film & Animation,22.01.12,adventure|fun|nintendo|Super Mario Bros Movie Direct|super mario bros movie|mario movie|super mario bros movie release date|mario movie release date,2818093,146119,11935
4,jaEhvWXmLyk,What went wrong with the Tube Map,2022-11-29T17:10:16Z,UCbbQalJ4OaC0oQ0AqRaOJ9g,Jay Foreman,Comedy,22.01.12,none,828133,46396,2881
5,-tpND_8cak4,I found the best TIKTOKS,2022-11-29T23:30:11Z,UCZ3AmknSJtbzXCeO5a4peoQ,LazarLazar,Gaming,22.01.12,none,1209964,71768,2591
6,yaWgq94rv10,Just Money Saving Expert Martin Lewis speaking pure sense in Commons Select Committee,2022-11-29T13:23:31Z,UCyzkxMLeZDcd_Qhzh6uMgbg,PoliticsJOE,News & Politics,22.01.12,Politics|UK politics|British politics|Parliament|Government|Westminster|Martin Lewis|Money Saving Expert|Cost of living|Brexit|Economy|Social media|Scammers|Scam|tech giants|breaking news|news|politics news|political news,625702,10722,1803
7,s2-LtUBsVtg,Worlds CRAZIEST Mind Tricks Optical Illusions,2022-11-29T19:47:00Z,UCyeVfsThIHM_mEZq7YXIQSQ,MoreAliA,Gaming,22.01.12,none,598040,10473,820
8,rEJVOxzjyQ0,Season 2 Trailer  Overwatch 2,2022-11-29T18:13:44Z,UClOf1XXinvZsy4wKPAkro2A,PlayOverwatch,Gaming,22.01.12,Overwatch 2|Overwatch,1909382,70241,10269
9,55XJ1ObZKaM,Billie Eilish Same Interview The Sixth Year  Vanity Fair,2022-11-28T20:00:03Z,UCIsbLox_y9dCIMLd8tdC6qg,Vanity Fair,Entertainment,22.01.12,billie|billie 6|billie eilish|billie eilish 2022|billie eilish 6|billie eilish interview|billie eilish same interview|billie eilish sixth year|billie eilish trailer|billie eilish vanity fair|billie eilish vanity fair interview|billie eilish year 6|billie interview|billie same interview|billie trailer|billie vanity fair|eilish|same interview|time capsule|vanity fair|vanity fair billie|vanity fair billie eilish|year 6|year six,4955251,344640,13050
10,IJks7TIDfnk,2022 MAMA IVEKep1erNMIXXLESSERAFIMNewJeansELEVENWADADAOOFEARLESSHypeBoy  Mnet 221129 방송,2022-11-29T12:01:31Z,UCbD8EppRX3ZwJSou-TVo90A,Mnet KPOP,Gaming,22.01.12,2022 MAMA|2022 MAMA AWARDS|2022 마마|2022 마마 어워즈|ELEVEN|FEARLESS|HypeBoy|IVE|Kep1er|LE SSERAFIM|MAMA AWARDS|Mnet|NMIXX|NewJeans|OO|WADADA|뉴진스|르세라핌|마마 어워즈|아이브|엔믹스|엠넷|케플러|티빙에서스트리밍,5116601,280642,10569
11,fEXXnIBHJCE,W2S OPENS THE 250000 BIGGEST PACK EVER  FIFA 23,2022-11-28T21:07:10Z,UC5_IT4-XpinnvNQwM1e15eQ,W2S,Entertainment,22.01.12,W2S|sidemen,983070,55785,2397
12,nCkqzLNE9W8,Popcaan  Next To Me ft ToniAnn Singh Official Video,2022-11-30T05:00:07Z,UCYGHSw2kacL589nNX4l0fMg,Popcaan,Music,22.01.12,popcaan|jamaica|dancehall|jamaican music|ova sweet|2 cups|silence|ovo sound|ovo|only man she want|party shot|it nuh work so,441963,43886,2621
13,jIBldkWO9a4,Danny MacAskills Postcard from San Francisco,2022-11-29T15:00:10Z,UCXqlds5f7B2OOs9vQuevl4A,Red Bull Bike,Sports,22.01.12,red bull|red bull bike|bike|redbull|danny macaskill|imaginate|way back home|danny macaskill imaginate|wee day out|mountain bike|mtb|danny macaskill red bull|biking|macaskill|danny macaskill san fran|san francisco|bike san francisco|trials riding|city mountain biking|san francisco mtb edit|california biking|alcatraz biking|bike tricks alcatraz|danny macaskill alcatraz|fabio wibmer|red bull san francisco|bike riding san francisco|san fran|alcatraz,459823,21293,1329
14,C05Ldt9hDqs,Can you beat two Mario games with ONE controller,2022-11-29T21:13:47Z,UClyGlKOhDUooPJFy4v_mqPg,DougDoug,Gaming,22.01.12,DougDoug|DougDoug Youtube Channel|Channel Youtube DougDoug|doug doug|twitch|twitch chat|dougdoug twitch chat|twitch chat plays|dougdoug twitch|mario|mario maker|2 games 1 controller|controller|controller challenge|challenge|inspirobot|inspiration|workout,506858,39599,1245
15,iwJ14BHgEgw,Family Mysteries Expleened,2022-11-30T01:06:59Z,UCGeIjGngCkErevSNHdZYD5Q,Storymode,Gaming,22.01.12,story|plot|lore|explained|video game essay,181197,11507,886
16,yuLP8zSq4HY,Pokemon Violet is a stable game with no glitches at all,2022-11-29T21:53:44Z,UCG6zBb8GZKo1XZW4eHdg-0Q,PointCrow,Gaming,22.01.12,pokemon|pkmn|pokemon violet|pokemon scarlet|pokemon scarlet and violet|new pokemon games|new pokemon game|pointcrow|point crow|pointcrow pokemon|point crow pokemon|pokemon glitch|scarlet glitch|violet glitch|pokemon glitches|glitching pokemon scarlet and violet|glitch|glitches|gen 9|glitch pokemon|pokemon scarlet and violet gameplay|gameplay|nintendo|gaming|pokemon scarlet and violet review|scarlet and violet pokemon|pokemon scarlet violet|playthrough|review,385287,19329,1097
17,uI29qCR9PGk,Metro Boomin  Heroes  Villains Short Film,2022-11-29T19:36:05Z,UCKC11MOR51CLg4JpYj8jb4g,Metro Boomin,Music,22.01.12,Metro Boomin|Heroes and Villains|Heroes  Villains,522140,56247,3271
18,IpfyU7-8jPw,FARMING BASE EXPANSION  Episode 2  Minecraft Modded Vault Hunters,2022-11-29T20:00:09Z,UCZ9x-z3iOnIbJxVpm1rsu2A,iskall85,Gaming,22.01.12,minecraft|modded minecraft|minecraft mods 2022|best minecraft mod 2022|vault hunters|vaulthunters|vault hunters modpack|iskall modded minecraft|modded minecraft lets play|modded minecraft 2022|iskall85|vault hunters tutorial|minecraft mods|modded base minecraft|vault hunters mod|iskall mod|minecraft base|vault hunters 118|vault hunters 2|vodskall85,259694,20300,1037
19,U_hj-wT3biU,PinkPantheress  Boys a liar Official Audio,2022-11-30T05:00:16Z,UCufuq24Cef6-CdmEiZmXTBg,Pinkpantheress,Music,22.01.12,Pinkpantheress|pinkpantheress official video|pinkpantheress willow smith|pinkpantheress pain|pinkpantheress just for me|pinkpantheress picture in my mind|pinkpantheress just a waste|pinkpantheress i must apologize|pinkpantheress sped up|pinkpantheress break off|pinkpantheress interview|pinkpantheress unreleased|pinkpantheress mix|picture in my mind|PinkPantheress Do You Miss Me|Do You Miss Me|Boys A Liar|Boys A Liar|PinkPantheress Boys A Liar,107545,20749,1140
20,iDKeDko9lPY,Minecraft Players Simulate World Extinction,2022-11-29T23:14:41Z,UCIDQSqdVuNwtfRMKqfX-o7g,Sipover,People & Blogs,22.01.12,none,359553,20052,978
21,5eR5IvmnKk8,Im broke I need 20000 tiles  tileman 22,2022-11-29T22:07:59Z,UCs-w7E2HZWwXmjt9RTvBB_A,Settled,Gaming,22.01.12,Swampletics|Mory|Morytania|Area|Maxing|Max|OSRS|UIM|End|Game|Ultimate|Ironman|Old|School|Runescape|RS3|Settled|Settledrs|Progress|Video|Tricks|Tips|Bossing|Skilling|2007|2007Scape|Dream|Gear|Items|Boss|Episode|Settled UIM|UIM Settled|OSRS Settled|Morytania UIM|Morytania Ironman|Mory Ironman|Maxed UIM|UIM Maxing,360936,19638,1164
22,0rL35_WV3lE,Talking to Sam Bankman Fried,2022-11-29T16:00:01Z,UCFQMnBA3CS502aghlcr0_aw,Coffeezilla,Entertainment,22.01.12,coffeezilla|fake guru|scam|make money online|get rich|get rich quick,1260329,57719,5601
23,kaGKuYXiEyw,Need for Speed Unbound Gameplay Walkthrough Part 1  The Intro,2022-11-29T07:00:45Z,UCeePGrzBN3B2GurSkd_bwPQ,BlackPanthaa,Gaming,22.01.12,nfs unbound|nfs|unbound|lets|play|walkthrough|gameplay|game|car|cars|customization|intro|walk|through|guide|build|first|start|cutscene|all|movie|story|racing|PS5|xbox|series x|series s|2022|nfs 2022|need for speed|need for speed unbound,476719,18438,2043
24,k_2mklepN9E,TRAILER  Training Ground  Michael Beale Day One  29 Nov 2022,2022-11-29T17:00:34Z,UCVaGyBPoEAZItDjlFPsRcSA,Rangers Football Club Official,Sports,22.01.12,Rangers|Rangers FC|Rangers Football Club|RangersTV,27666,0,99
25,0QKhAdN-keY,2022 MAMA Stray Kids  a strange incidentVENOMMAMA verI AM MANIACMANIAC  Mnet 221129 방송,2022-11-29T14:21:28Z,UCbD8EppRX3ZwJSou-TVo90A,Mnet KPOP,Gaming,22.01.12,2022 MAMA|2022 MAMA AWARDS|2022 마마|2022 마마 어워즈|I AM MANIAC|MAMA AWARDS|MANIAC|Mnet|StrayKids|VENOM|a strange incident|마마 어워즈|스트레이 키즈|엠넷|티빙에서스트리밍,2715785,264177,12429
26,tZsdujCR5ck,Highlights Pulisic sends United States into second round  World Cup 2022,2022-11-29T21:11:17Z,UCW6-BQWFA70Dyyc7ZpZ9Xlg,BBC Sport,Sports,22.01.12,BBC|BBC Sport|Highlights|2022|world cup 2022|football|soccer|doha|qatar|qatar 2022|world cup|fifa world cup 2022|fifa|fifa world cup|usa vs iran|us vs iran|us v iran|usa v iran|iran v usa|irans vs usa|iran v us|united states|usmnt|iran|us|usa|usa 10 iran|us 10 iran|christian pulisic|pulisic|pulisic goal,220780,1773,372
27,-0rQolU8zBk,Why I STILL Have MrBeasts 100 Million Play Button,2022-11-29T20:30:00Z,UCxLIJccyaRQDeyu6RzUsPuw,JackSucksAtStuff,Entertainment,22.01.12,jacksucksatstuff|jack sucks at stuff|jacksucksatlife|jacksucksatstuff youtube channel|jacksucksatstuff youtube|youtube|subscriber|youtube play button|funny|reddit|youtube shorts|short|jacksucksatgeography|subscribe|play button|1 million subscribers|mrbeast|into space|100 million play button,205676,14185,1092
28,XlD6IqYs4x0,Will Smith Finally Addresses Oscar Slap  The Daily Show,2022-11-29T13:00:15Z,UCsv4YOF2RBYh0NQ1vuHQ-hg,Comedy Central UK,Comedy,22.01.12,comedy central|comedy central uk|the daily show with trevor noah|trevor noah|interview|will smith|will smith slaps chris rock|will smith slap|oscar slap|oscars 2022|comedic interview|jada smith|jaden smith|willow smith|trey smith,78258,894,556
29,BwTTVbVljGg,REVEALING the MYSTERY CAR Whats Under the Cover  SHMUSEUM VLOG 102,2022-11-29T17:15:00Z,UCJe3Q_zVSfCA0wRqR3_GWtg,The Shmuseum,People & Blogs,22.01.12,New Car|Mystery|Mystery Car|Secret|Reveal|Hiding|Hide|Show|Cover|Uncover|Lotus|Elise|Sport 190|Lotus Elise|Carbon|Carbon Fibre|F1RST|F1NAL|First|Final|Lotus Cars|Small|Tiny|Clio V6|Renault|Transit|MSRT|Ford Transit|Van|Van Man|Electrics|Build|Office|Work|Building|Banners|Gumball 3000|Gumball|Dream Garage|Shmee|Shmee150|Shmeemobile|The Shmeemobiles|Shmuseum|The Shmuseum|Vincero|Vincero Collective|Watches,77345,3609,234
30,XiFAtqmnXxU,The Mean One  Official Trailer Grinch Horror Parody 2022 David Howard Thornton Krystle Martin,2022-11-28T21:48:01Z,UCWJ5MfdQZ6jXbF5gYuSAf5Q,IGN Movie Trailers,Entertainment,22.01.12,Comedy|Horror|The Mean One|XYZ Films|The Mean One Official Trailer|The Grinch|Grinch parody|Grinch horror|Christmas horror|horror|comedy|ign|movies|movie|How the Grinch Stole Christmas|Dr Seuss parody|the mean one trailer|the mean one grinch parody|grinch horror movie|the grinch horror movie|movie trailers|movie trailer|new movies|new movie trailers|upcoming movies 2022|new movies 2022|2022 new movies|2022 trailers|new trailers|ign movie trailer,574528,8590,901
31,_u-7rWKnVVo,Metallica Lux Æterna Official Music Video,2022-11-28T15:00:20Z,UCbulh9WdLtEXiooRcYK7SWw,Metallica,Music,22.01.12,metallica|metallica tour|metallica live|metallica concert|metallica in concert|metallica song|metallica city|metallica country,5711087,304995,34162
32,zh6n8lMZIhY,7 Continents In 7 Days  South America Day 6,2022-11-28T21:42:43Z,UCQCrKxBj5Id79syQEsY2Qxg,Simon Wilson,People & Blogs,22.01.12,Simon Wilson|simon wilson|travel|no money|travelling|Challenge|tourism|solo|sneaking|europe|cheap|budget|africa|asia|oceania|north america|south america|antarctica|seven continents|7 continents|7 days|seven days|race|travel challenge|flight|24 hour challenge|expensive|7 wonders in 7 days|seven wonders in seven days|7 continents in 7 days|seven continents in seven days|simonjwils|brazil|chile|santiago|colombia|venezuela|argentina|crime|gang|violence|police|scam,219899,11488,1415
33,ROTDvz1LUSU,Reacting to NEW Metallica Lux Æterna,2022-11-29T19:33:43Z,UCJquYOG5EL82sKTfH9aMA9Q,Rick Beato,Music,22.01.12,rick beato|everything music|rick|beato|music|music theory|music production|education|metallica|metallica lux aeterna|james hetfield|Kirk Hammett|Kirk Hammett Solo|lars ulrich|robert trujillo|Cliff Burton|Thrash Metal|80s Metal|Metal Guitar|Heavy Metal|Death Metal|metallica lux aeterna reaction|metallica new song|metallica new album|rock music|metallica 72 seasons|master of puppets,346066,16405,3653
34,JwvWLYWzJvY,24 Hours With Rita Ora and Taika Waititi  Vogue,2022-11-29T20:00:03Z,UCRXiA3h1no_PFkb1JCP0yMA,Vogue,People & Blogs,22.01.12,24 hours with rita ora|24 hours with taika waititi|24 hours with vogue|düsseldorf|düsseldorf mtv european music awards|first date|first date rita ora|rita ora|rita ora albanian|rita ora and taika waititi|rita ora taika waititi|taika|taika waititi|vogue|vogue 24 hours with,222327,5156,205
35,G6xgMW7U0aY,Future  712PM Directed by Travis Scott,2022-11-29T21:00:07Z,UCFNosi99Sp0_eLilBiXmmXA,FutureVEVO,Music,22.01.12,future|kevin samuels|healing together|worst day|future worst day|worst day future|healing together future|future healing together|future keving samuels|kevin samuels future|young thug|chainz|chief keef|yo gotti|meek mill|nav|gucci mane|french montana|quavo|21 savage|migos|future never liked you|never liked you future|future 712pm|712pm future|712PM|EpicFreebandz|Future|Rap,654651,53276,2516
36,ecsWfDLtoc8,Run BTS 2022 Special Episode  RUN BTS TV Onair Part 2,2022-11-29T14:00:02Z,UCLkAepWjdylmXSltofFvsYQ,BANGTANTV,Music,22.01.12,방탄소년단|BTS|BANGTAN|알엠|RM|슈가|SUGA|제이홉|jhope|지민|정국|kpop|방탄|jhope|Jung Kook|Jimin|BTS V|Jin,3705524,338506,9905
37,nYAIbiL0Xl8,Not skipping boring NPC dialogue,2022-11-30T09:00:23Z,UCchBatdUMZoMfJ3rIzgV84g,Viva La Dirt League,Gaming,22.01.12,NPC Man|PUBG Logic|pubg real life|pubg|pubg logic supercut|pubg movie|pubg parody|Viva La Dirt League|vldl|epic npc man|pubg mobile|pubg skits|viva la dirt league pubg|pubg funny|pubg live action|vldl pubg|gaming|online gaming|gamer|playtech|bored|game logic,622565,58971,3138
38,TLwAC9cWiSk,Scott The Woz Merchandise for Charity Bonanza 2022,2022-11-30T01:00:11Z,UC4rqhyiTs7XyuODcECvuiiQ,Scott The Woz,Gaming,22.01.12,none,181108,15952,1320
39,k6eE3c70hgg,Omah Lay   soso Official Music Video,2022-11-29T17:00:08Z,UCSUVM9Ygr6AI5Eje5BnFhtw,Omah Lay,Music,22.01.12,omah lay|soso|afrobeats|ginger me|philo|Bella Shmurda|nigerian music|boy alone|rema|calm down|damn|im a mess|nigerian RB,389900,27602,1866
40,N7WkXkZKCkg,WATER TESTING 64 Person Enclosed Lifeboat For The FIRST Time,2022-11-30T00:13:35Z,UCNsjdLTgAPIlVUldlPzG7rQ,AYO Fishing,People & Blogs,22.01.12,life boat|enclosed life boat|Facebook marketplace|boat|water test,314503,20006,2045
41,kf3FMZ8to9A,THE MOMENT ENGLAND BEAT WALES in WORLD CUP 2022,2022-11-29T21:29:20Z,UCAvwetms56ntZtQWkYoqEIQ,Theo Baker,Entertainment,22.01.12,THEO BAKER|theo baker football|football challenge|world cup 2022|england|england v wales|qatar world cup|match reaction|rashford goals|rashford|england world cup|rashford england|theo baker world cup,40309,1846,71
42,krktjlTAmCw,HIGHLIGHTS  Sarr and Koulibaly send Senegal through to the last 16 of the World Cup  ITV Sport,2022-11-29T17:19:03Z,UCBzDz6beXDfMtfxQdEutD_w,ITV Sport,Sports,22.01.12,ITV|ITV Sport|Football|Fifa|World Cup|Highlights|Footy|Soccer|England|Fifa World Cup|Qatar|2022 World Cup|2022 Qatar World Cup|Cameroon|Ismaïla Sarr|Kalidou Koulibaly,201174,1880,0
43,fNJMOR6x-4s,ATEEZ에이티즈  Paradigm Official MV Performance ver,2022-11-29T14:58:11Z,UCQdq-lqPEq_yZ_wP_kuVB9Q,KQ ENTERTAINMENT,Music,22.01.12,KQ|케이큐|에이티즈|패러다임|에이티즈 일본|에이티즈 일본 앨범|에이티즈 앨범|에이티즈 뮤비|에이티즈 뮤직비디오|에이티즈 패러다임 뮤비|ATEEZ|PARADIGM|Paradigm|ATEEZ JAPAN|ATEEZ JAPAN ALBUM|ATEEZ ALBUM|ATEEZ MV|ATEEZ Music Video|ATEEZ Paradigm MV,807152,124382,8865
44,OzUOwIuMYMw,Behzingas World Cup Catch Up Show,2022-11-29T22:57:02Z,UCbzZFTHge5zk2yebSiWRZRg,Beh2inga,Sports,22.01.12,behzinga|beh2inga|sidemen|sidemen funny moments|behzinga funny moments|behzinga call of duty|sidemen call of duty|moresidemen|behzinga stream|behzinga world cup|sidemen world cup|beh2inga world cup|sidemen fifa 23|england world cup|england vs usa world cup|world cup highlights,110026,7515,192
45,y6t7MaDS2FQ,Ronnie OSullivans 334 Century  2022 BetVictor Scottish Open,2022-11-29T00:00:31Z,UC5lTEvtwu6SR3LMSmU9VZ2Q,World Snooker Tour,Sports,22.01.12,snooker|sports|cue sports|ronnie osullivan|mark selby|judd trump|neil robertson|shaun murphy|replay|World Snooker|pool|snooker 2021|snooker welsh open|snooker 2021 welsh open|live snooker|snooker championship 2021|snooker 2020|players championship snooker 2021|world snooker|snooker shootout|snooker world championship 2020|snooker game|snooker best shots|snooker 147|snooker shootout 2021|snooker masters 2021,221084,2636,460
46,oq72JdvUBMo,What if Super Mario Odysseys Hardest Level was Kaizo,2022-11-29T18:53:13Z,UCGxYHAR9f_leP1yXDXNNDsA,Fir,Gaming,22.01.12,super mario odyssey|mario|kaizo|darker side|speedrun|challenge|super mario|is it possible|impossible darker side|superstar mode|superstar|mod|modding|smo mod,96850,5460,218
47,XbgJPKFxHXI,When You Finish Saving The World  Official Trailer HD  A24,2022-11-29T13:58:00Z,UCuPivVjnfNo4mb3Oog_frZg,A24,Film & Animation,22.01.12,a24|a24 films|a24 trailers|independent films|trailer|HD|official|movie|film|a24 movies|oscar winner|academy award winner,526626,15803,781
48,6ej4gHhUzek,チェンソーマン第８話ノンクレジットエンディング  CHAINSAW MAN 8 EndingTK from 凛として時雨first death,2022-11-29T15:30:01Z,UCjfAEJZdfbIjVHdo5yODfyQ,MAPPA CHANNEL,Film & Animation,22.01.12,チェンソーマン|CHAINSAWMAN|ジャンプ|藤本タツキ|MAPPA|アニメ|ANIME|戸谷菊之介|楠木ともり|坂田将吾|ファイルーズあい|Chainsaw man|Anime Trailer|ファイアパンチ|ルックバック|Official Trailer|アニメ PV|チェ|チェンソー|田中脊髄剣|デンジ|マキマ|パワー|denji|makima|power|aki|早川アキ|牛尾憲輔|呪術廻戦|aot|瀬古浩司|中山竜|ジャンプ|tatsuki fujimoto|ryu nakayama|米津玄師|常田大希|マキシマムザホルモン|vaundy|ずっと真夜中でいいのに|ずとまよ|people1|女王蜂|凛として時雨|syudou|Aimer|Eve|ano|津田健次郎|井澤詩織|伊瀬茉莉也|高橋花林|八代拓|TOOBOE|コベニ|岸辺|姫野|ポチタ|残機|ztmy|first death,2036763,96874,4836
49,TPkoVd_q3ps,Fortnite Season 4 Story Recap   WATCH BEFORE THE LIVE EVENT,2022-11-29T16:30:03Z,UC-KM4Su6AEkUNea4TnYbBBg,PlayStationGrenade,Gaming,22.01.12,top 5|top 10|adamaru|Fortnite|Chapter 3|Lore|Fortnite secrets|Fortnite storyline|Things you need to know|the seven|fortnite|fortnite storyline|story of fortnite|fortnite live event|fortnite event|new fortnite story|fortnite new update|battle royale|new|update|Adamaru|lore|season recap|storyline|story recap|complete storyline|season 3|season 4|paradise|vibin|explained|story explained|new season|leaks|season 5|chapter 4|fracture,226444,9447,853
50,1nF2Uo2eVDA,We Bought 3 Cheap Wrecked Exotic Cars For Less  Than A C8 Z06 Corvette  Car Trek S9E1,2022-11-28T17:00:01Z,UCvAhDxNNUDhi78tMXVGBUaQ,Tavarish,Autos & Vehicles,22.01.12,aston martin|mercedes|amg|hyundai|bmw|lamborghini|ferrari|toyota|supra|mr2|sw20|3sgte|2jz|1jz|sl55|r230|r231|m113k|vantage|v8|v12|v10|v6|gallardo|turbo|cheap|budget|diy|wrench everyday|doug demuro|chrisfix|hoovies garage|tavarish|jalopnik|motor trend|roadkill|hack|bendpak|tools|lift|4 post|quick jack|welding|how to|tutorial|audi r8|ferrari 458|salvage|rebuilt|675lt|mclaren|lemons|c8 z06|corvette|c8|emelia hartford|supercar|wrecked exotic|ed bolian|VINwiki,701058,30737,2081
51,C164kYMGV1A,How the World Cups AI instant replay works,2022-11-29T13:00:04Z,UCLXo7UDZvByw2ixzpQCufnA,Vox,Sports,22.01.12,Voxcom|explain|explainer|vox|world cup|2022 world cup|qatar|offside|offsides|semiautomated|automated|AI|artificial intelligence|semi automated AI offside|soccer|football|robot referee|robo ref|maradona|hand of god|jeremiah oshan|sb nation|Vox World Cup|Vox World Cup 2022,479915,15018,656
52,ZwD3YaPV7-o,Jurassic World Evolution 2 Dominion Malta Expansion  Announcement Trailer,2022-11-29T14:00:23Z,UC_Lp2OmlT1SenD0z3ABhBlA,Jurassic World Evolution 2,Gaming,22.01.12,none,89527,5250,716
53,B7xmqFBuK9k,FLO  Not My Job Live  Vevo DSCVR Artists to Watch 2023,2022-11-28T16:00:10Z,UCH7xsfR4N_J2VJ-9uL4kyIA,FloLikeThisVEVO,Music,22.01.12,FLO|Not|Job|Live|Vevo|DSCVR|Artists|Watch|UniversalIsland|Records|Ltd|new FLO|Cardboard Box|FLO live|FLO Girl Group|new girl groups|RB|new RB|classic RB|Feature Me|Summertime|Vevo DSCVR|DSCVR Artists To Watch 2023|Artists To Watch|pop|new pop|DSCVR ATW 2023|new music|new music 2023|best music of 2022|2022 year in review|FLO The Edge|Stella|Renee|Jorja|MNEK|Dua Lip|Spice Girls|Sugababes|Usher,134189,17426,1142
54,CwTRISverRQ,TERA RAID EXPLOIT  NEW FASTEST WAY TO FARM,2022-11-29T15:16:51Z,UCQqZ2N5NxMlKBUoC5mRbtNQ,BonusWolfe,Gaming,22.01.12,wolfey|wolfeyvgc|bonuswolfe|bonuswolfey|pokemon|pokemon vgc|pokemon scarlet|pokemon violet|new pokemon|new pokemon trailer|new pokemon scarlet and violet|alpharad|ludwig|pokemon video game|pokemon tier list|pokemon ranking|tera raid|tera raids bugged|tera raid bug|tera raid exploit|how to get materials fast|tera raid guide|tera raid hack,125883,4852,805
55,q53WWJz7T3E,Salims Wild 21st Birthday in Vegas,2022-11-29T02:28:00Z,UCkhxWF5CTMUgxneqAFP96LQ,NELK,Comedy,22.01.12,prank|pranks|nelk|nelkfilmz|nelkfilms|Nelk|NELK boys|Nelk films|Nelk Filmz|stevewilldoit|salim the dream|prank videos|funny pranks|best pranks|nelk clips|full send|full send clips|nelk golf|nelk boys prank|nelk twitch|nelk podcast|Kyle|Kyle from nelk|full send shorts|fullsend|salim|steve will do it|podcast|full send podcast,460820,13110,0
56,gmJqEbfwi9M,Third Round Draw  Emirates FA Cup 202223,2022-11-28T19:33:21Z,UCChcWqwYXCEs657MQ00qVWA,The Emirates FA Cup,Sports,22.01.12,Third Round Draw Live|Live FA Cup Draw|Third Round Draw,78266,1116,100
57,XwcK-twSXB4,KARA 카라 WHEN I MOVE Official MV,2022-11-29T09:00:18Z,UCbxYZzVHUrv-AhR6KZzGo0A,KARA Official,Music,22.01.12,none,2280032,142727,10413
58,xLvoGjTqSNs,Deku VS Asta My Hero Academia VS Black Clover  DEATH BATTLE,2022-11-28T18:00:23Z,UCB9_VH_CNbbH4GfKu8qh63w,DEATH BATTLE,Entertainment,22.01.12,DEATH BATTLE|Rooster Teeth|RT|DBX|DEATH BATTLE Cast|screwattack|my hero academia|deku|all might|one for all|all for one|my hero|izuku|midoriya|superhero|hero|ua high|black clover|asta|liebe|magic|anti magic|devil|demon|unite|union|grimoire|five leaf clover|black bulls|wizard king|number one hero|symbol of hope|animation|fight|versus|ben singer|chad james,1099423,59975,13330
59,Ut1OzEVUiM4,Red Velvet 레드벨벳 Birthday MV,2022-11-28T09:00:14Z,UCEf_Bc-KVd7onSeifS3py9g,SMTOWN,Music,22.01.12,레드벨벳|벌쓰데이|벌스데이|생일|아이린|슬기|예리|웬디|조이|뮤직비디오|뮤비|red velvet|birthday|irene|seulgi|yeri|wendy|joy|party|music video|mv|the reve festival|리브 페스티벌,7811666,642906,31288
60,ETSit2XvZjI,Missing a punch in ANY fight,2022-11-28T23:10:18Z,UCI1XS_GkLGDOgf8YLaaXNRA,CalebCity,Comedy,22.01.12,none,839732,123360,2909
61,d2heDnR3sjc,2022 MAMA IVEKep1erNMIXXLE SSERAFIMNewJeans  CHEER UP  Mnet 221129 방송,2022-11-29T12:03:31Z,UCbD8EppRX3ZwJSou-TVo90A,Mnet KPOP,Gaming,22.01.12,2022 MAMA|2022 MAMA AWARDS|2022 마마|2022 마마 어워즈|CHEER UP|IVE|Kep1er|LE SSERAFIM|MAMA AWARDS|Mnet|NMIXX|NewJeans|뉴진스|르세라핌|마마 어워즈|아이브|엔믹스|엠넷|케플러|티빙에서스트리밍,2902644,192689,7395
62,McGnGhlRLNE,Bruno Fernandes scores twice as Portugal beat Uruguay  World Cup 2022,2022-11-28T22:18:45Z,UCW6-BQWFA70Dyyc7ZpZ9Xlg,BBC Sport,Sports,22.01.12,BBC|BBC Sport|Highlights|2022|world cup 2022|football|soccer|doha|qatar|qatar 2022|world cup|fifa world cup 2022|fifa|fifa world cup|portugal|uruguay|portugal 20 uruguay|portugal 20 uruguay highlights|bruno fernandes|bruno fernandes goals|cristiano ronaldo,259109,2686,760
63,CYw4CvUSaLM,Nike SB  Nyjah Huston  Need That,2022-11-28T15:59:57Z,UCMAwhaxBOE-2xfX2Kcdqy9Q,nikeskateboarding,Sports,22.01.12,Nike SB|Nike Skateboarding|Nike|SB|skateboarding|skate|Nyjah|Nyjah Huston|Nyjah 3,639765,26218,4265
64,u-YhxMVuY5Y,This Watch Is All That Survived a Tragic Boat Accident in 1977,2022-11-28T20:43:19Z,UCD80T1s2Za4K682CQDGwEKQ,Wristwatch Revival,Howto & Style,22.01.12,none,163184,12432,1094
65,e6gb5VZF-3E,Touring Michael Jordans Mansion,2022-11-28T20:30:04Z,UCHWbZM3BIGgZksvXegx_h3w,Enes Yilmazer,Entertainment,22.01.12,Michael Jordan|Michael|Jordan|Michael Jordan House Tour|Michael Jordan Mansion|Mansion Tour|Luxury Home Tour|celebrity mansion|celebrity house|celebrity home|Luxury Mansion|Most Iconic Homes|mansion tour|billionaire|mansion|Famous|People|Celebrity Mansion Tour|luxury home tour|house tour|Celebrity|home|celebrity home tour|MJ|Jordan residence|Michael Jordan home tour|Michael Jordan net worth|celebrity homes|famous homes|Chicago|Chicago Bulls|estate|house,828680,27329,2146
66,2DGqVbTHX-k,In Defense of the Switched Outlet,2022-11-28T17:09:40Z,UCy0tKL1T7wFoYcxCe0xjN6Q,Technology Connections,Science & Technology,22.01.12,none,480851,31398,7447
67,3oM7hX3UUEU,The Turntable Paradox,2022-11-28T16:00:03Z,UCEIwxahdLz7bap-VDs9h35A,Steve Mould,Science & Technology,22.01.12,none,1465169,43714,2196
68,Yz1VAck6HJM,HIGHLIGHTS  Late Casemiro goal secures knockout football for Brazil  World Cup 2022,2022-11-28T18:12:50Z,UCBzDz6beXDfMtfxQdEutD_w,ITV Sport,Sports,22.01.12,ITV|ITV Sport|Football|Fifa|World Cup|Highlights|Footy|Soccer|England|Fifa World Cup|Qatar|2022 World Cup|2022 Qatar World Cup,366740,3322,0
69,MDH2WKxcY5g,STORMZY  THIS IS WHAT I MEAN starring AMAARAE BLACK SHERIF JACOB COLLIER MS BANKS  STORRY,2022-11-27T20:03:30Z,UC7D-09kUG6Ei11SVO_deW_w,Stormzy,Music,22.01.12,Stormzy|This Is What I Mean|TIWIM|Storry|jacob collier|black sherif|P2J|p2j producer,661158,37578,1815
70,ij-w2cqQqMA,The Biggest Mistake in any Pokémon Game,2022-11-28T20:34:17Z,UCQqZ2N5NxMlKBUoC5mRbtNQ,BonusWolfe,Gaming,22.01.12,wolfey|wolfeyvgc|bonuswolfe|bonuswolfey|pokemon|pokemon vgc|pokemon scarlet|pokemon violet|new pokemon|new pokemon trailer|new pokemon scarlet and violet|alpharad|ludwig|pokemon video game|pokemon tier list|pokemon ranking|scarlet|violet|pokemon bug|bug Pokemon|pokemon mistake|pokemon error,149372,7135,660
71,wTpeY8enVOs,LIVING ROOM MAKEOVER EP3 DIY Limewash Paint  Lighting  XO MaCenna,2022-11-28T20:01:06Z,UCXkbaLJq7IxOfR2ITAinsOQ,XO MaCenna,Howto & Style,22.01.12,diy|xo macenna|macenna lee|mckenna|home decor|interior design|living room makeover|room makeover|diy limewash|limewash wall|limewashpaint|diy brick hearth|lighting|how to hang a light|diy bookshelves|builtin|builtin bookshelves,310229,24643,2001
72,SJplE3R6xAM,I Spent 100 Hours in Pokemon Scarlet and Violet,2022-11-28T05:12:56Z,UC6L_Pwn3wQRVVr3rCcKVuzw,Nokimon,Gaming,22.01.12,Pokemon Scarlet and Violet|Shiny Pokemon|100 hours|Nintendo Switch|100 hours of Pokemon|shiny only|tinkaton|pokemon|scarvio|pokemon sv|I spent 100 hours|Meowscarada|Nokimon Scarlet Violet|Nokimon challenge|Noki Pokemon|All shiny pokemon|froslass|ポケモンSV|gen 9 pokemon|shiny gen 9 pokemon|gen 9 only|Pokemon Violet|Pokemon Scarlet|shimy pokemon,361921,11506,1103
73,LMdo2bxg-r8,Letting Shane Control The Day An Extreme 24 Hours In Our Lives,2022-11-27T19:14:07Z,UCVe_RrR9AMeY6Z8ixOv5gtw,Ryland vlogs,People & Blogs,22.01.12,Ryland Adams|Shane Dawson|Christmas|Home|Decor|Comedy|Baking|Cooking|Design|Haul|Shopping,551570,27345,2444
74,EkR7GcsbLHo,HIGHLIGHTS  Cameroon and Serbia play out THRILLER  ITV Sport,2022-11-28T12:23:31Z,UCBzDz6beXDfMtfxQdEutD_w,ITV Sport,Sports,22.01.12,ITV|ITV Sport|Football|Fifa|World Cup|Highlights|Footy|Soccer|England|Fifa World Cup|Qatar|2022 World Cup|2022 Qatar World Cup|cameroon|serbia,598729,6002,0
75,2Lp7fM-Zeos,The Truth,2022-11-28T18:46:42Z,UC-vaBe-YMpvcZL5rQ5OopZw,morgans vlogs,People & Blogs,22.01.12,morgan|Morgans vlogs|Morgan adams|Ryland adams|Morgan Adams vlogs|MORGAN HOUSE RENO|house tour|house reno|house renovation|demo|demo my house|my house demo|my house tour|diy|vlogmas|shane|Morgan house renovations|Ryland Shane morgan|Morgan and trinity|weight gain|weight loss|running|30 day weight loss|fitness journey|weight loss journey|the truth|insecurities|gaining weight|holiday weight|fixing insecurities|confidence|I gained weight,326817,16908,1934
76,5muQK7CuFtY,BABYLON  Official Trailer 2022 Movie  Brad Pitt Margot Robbie Diego Calva Tobey Maguire,2022-11-28T14:05:11Z,UCF9imwPMSGz4Vq1NiTWCC7g,Paramount Pictures,Film & Animation,22.01.12,babylon|babylon movie|babylon movie trailer|babylon trailer|damien chazelle|tobey maguire|brad pitt|margot robbie|diego calva|samara weaving|jean smart|li jun li|jovan adepo|katherine waterston|la la land|whiplash,768410,19386,1255
77,tzemmEIBiI4,10 Things Andrew Garfield Cant Live Without  10 Essentials,2022-11-28T17:00:06Z,UCUM0EMVw0nyynzUvwzO4vxQ,British GQ,Entertainment,22.01.12,10 essentials|amelia dimoldenberg andrew garfield|andrew|andrew garfield|andrew garfield 10 essentials|andrew garfield 2022|andrew garfield british gq|andrew garfield gq|andrew garfield gq cover|andrew garfield interview|andrew garfield laugh|andrew garfield no way home|andrew garfield reaction|andrew garfield spider man|andrew garfield spiderman|andrew spider man|british gq|british gq 10 essentials|garfield|gq|gq 10 essentials|spiderman,114563,6424,250
78,vZzabdt0kVY,SIDEMEN 10000 VS 10 FOOTBALL MATCH,2022-11-27T21:00:31Z,UCDogdKl7t7NHzQ95aEwkdMw,Sidemen,Entertainment,22.01.12,sidemen|sidemen sunday|sidemensunday,6054749,279036,8029
79,5-cLcOPPNpc,Kevin Owens engages in an emotional confrontation with The Bloodline Raw Nov 28 2022,2022-11-29T04:20:00Z,UCJ5v_MCY6GNUBTO8-D3XoAg,WWE,Sports,22.01.12,Jey Uso|Jimmy Uso|Kevin Owens|Sami Zayn|Solo Sikoa|The Bloodline|superstars|world wrestling entertainment|wrestle|wrestler|wrestling|wwe|wwe 2021|مصارعه|कशत|डबल डबल ई|पहलवन|मच|वयवसयक कशत|सपरसटर|Raw clips|raw videos|raw highlights|raw winners|monday night raw clips|monday night raw highlights|raw news|raw tonight|raw match card|Kevin Owens wwe|Kevin Owens vs Jey Uso,391865,12862,499
80,QaFYHI4xJk0,Kevin Owens vs Jey Uso Raw Nov 28 2022,2022-11-29T05:21:46Z,UCJ5v_MCY6GNUBTO8-D3XoAg,WWE,Sports,22.01.12,Jey Uso|Jimmy Uso|Kevin Owens|Sami Zayn|Solo Sikoa|superstars|world wrestling entertainment|wrestle|wrestler|wrestling|wwe|wwe 2021|مصارعه|कशत|डबल डबल ई|पहलवन|मच|वयवसयक कशत|सपरसटर|Raw clips|raw videos|raw highlights|raw winners|monday night raw clips|monday night raw highlights|raw news|raw tonight|raw match card|wwe raw main event|Kevin Owens vs Jey Uso|jey uso sami zayn|Kevin Owens Sami Zayn,587137,14949,431
81,E73vO001tfU,Seth Freakin Rollins emerges to taunt Austin Theory Raw Nov 28 2022,2022-11-29T04:30:02Z,UCJ5v_MCY6GNUBTO8-D3XoAg,WWE,Sports,22.01.12,Austin Theory|Seth Freakin Rollins|superstars|world wrestling entertainment|wrestle|wrestler|wrestling|wwe|wwe 2021|مصارعه|कशत|डबल डबल ई|पहलवन|मच|वयवसयक कशत|सपरसटर|Raw clips|raw videos|raw highlights|raw winners|monday night raw clips|monday night raw highlights|raw news|raw tonight|raw match card|Seth Rollins Austin Thoery|Austin Theory promo|Austin Theory US Champion,693270,16867,1099
82,tGlUZWNjxPA,The smartest dog in the world  60 Minutes Archive,2022-11-26T15:02:32Z,UCsN32BtMd0IoByjJRNF12cw,60 Minutes,News & Politics,22.01.12,60 Minutes|CBS News|dogs|anderson cooper,3871571,68659,7518
83,NqI6PMRxT0Y,Abandoned Alone in an African Tribe,2022-11-27T18:00:09Z,UCvK4bOhULCpmLabd2pDMtnA,Yes Theory,Entertainment,22.01.12,yestheory|seek discomfort|yes theory strangers|yes theory travel|yes theory subscribers|getting out of your comfort zone|Amazon FBA|yes theory africa|cameroon|Cameroon travel|pygmie tribe|baka people|baka tribe|african tribe|african travel|african exploration,885068,41212,2035
84,3upu7ixT8tg,Throwing a Dart at a Map And Going Wherever It Lands,2022-11-27T21:08:06Z,UCxOzbkk0bdVl6-tH1Fcajfg,Beta Squad,Entertainment,22.01.12,beta|beta squad|throwing dart|niko|chunkz|kenny|sharky|aj|travel|world|UK|fun|landed,2362508,105778,4212
85,b2gPiRNfask,How This Man Found My 100000 Treasure,2022-11-27T18:30:01Z,UCb31gOY6OD8ES0zP8M0GhAw,Max Fosh,Comedy,22.01.12,none,549507,46978,1247
86,KM0xhgbXKJY,The Cast of Wednesday Guesses Tim Burton Projects Using Emojis  Entertainment Weekly,2022-11-17T17:01:43Z,UClWCQNaggkMW7SDtS3BkEBg,Entertainment Weekly,Entertainment,22.01.12,Entertainment Weekly|EW|entertainment|film|music|movies|tv|celebrities|famous|pop culture|entertainment news|highlights|Hollywood|interviews|comedy|news|celebrity|film media genre|Jenna Ortega|Luis Guzmán|Gwendoline Christie|Joy Sunday|Hunter Doohan|Emma Myers|Percy Hynes White|emoji game|guessing game|guess the emoji|tim burton|tim burton movies|tim burton game,645189,17622,161
87,pki8HdJ59iw,Mad Tsai  stacys brother Official Music Video,2022-11-23T17:00:06Z,UClam-lnb9mK0ZYcDFhIvRRA,mad tsai,Music,22.01.12,stacys brother|mad tsai|mad tsai stacys brother|music video|music|madsteaparty|tiktok music|stacys mom,1315506,143713,3017
88,rGqnhr4nVug,This Glitch Breaks Survival Minecraft,2022-11-27T00:57:23Z,UCJOIIJJsFmzZv48NvTuafvw,planetlord,Gaming,22.01.12,minecraft,917156,30484,2360
89,ACnfRBjb2MI,Capital T  Hera e fundit Official Video,2022-11-26T19:00:19Z,UCGLu20iKuz8ZzZ8xYv5YsXA,Capital T,Music,22.01.12,capital t|hera e fundit|capital t hera e fundit|kapo|habibi|butrint imeri|dafina zeqiri alban skenderaj|era istrefi buta|majk bardhi|xhensila kidda|fifi|flori mumajesi|shkurte gashi buraku|finem|yll limani|kida|ever b|cllevio serbiano|varrosi|irkenc hyka yllka kuqi|elgit doda|zemer luana tv klan|lugina e djalit|me fjale te vogla|beatrix ramosaj|hite shqip|hitet shqip|hite shqip 2022|hitet shqip 2022|hitet e reja shqip 2022,1947359,35433,817
90,oQaHPZ4c1QE,I Put An Entire Ocean In The Nether In Minecraft Hardcore,2022-11-26T16:06:44Z,UC_GDu2QH3kp6vJlgEYyqjUA,Kolanii,Gaming,22.01.12,minecraft hardcore|nether|ocean|ocean in the nether|how I put an entire ocean in the nether in minecraft hardcore,1893234,76955,2176
91,kYSOorUwVpw,MOST UNDERRATED SIDEMEN MOMENTS,2022-11-27T18:05:00Z,UCjRkTl_HP4zOh3UFaThgRZw,SidemenReacts,Entertainment,22.01.12,Sidemen|Sidemen Reacts|SidemenReacts,1506018,83841,1026
92,D9vDtz8TTgM,REACTING TO MY FIRST HORROR SHORT kinda lol SSS 63,2022-11-28T01:25:59Z,UCiYcA0gJzg855iSKMrX3oHg,CoryxKenshin,Gaming,22.01.12,none,3260500,308119,28481
93,7gProq2rmag,This Unhinged 90s Movie Should Not Exist,2022-11-26T19:02:33Z,UC7zsxKqd5MicTf4VhS9Y74g,Kurtis Conner,Comedy,22.01.12,kurtis conner|kurtis connor|movie commentary|commentary|xray vision|xray goggles|justin berfield|malcolm in the middle|reaction|bad movie,1553489,113300,5932
94,1NjSuxqVjuw,Taking Home Depot Workers to Disneyland,2022-11-27T01:26:19Z,UC94lW_-Hr_uA7RcJ3D-WPOg,Danny Duncan,Comedy,22.01.12,danny duncan|danny duncan 69|danny duncan vlog|danny duncan pranks|danny duncan vlogs|vlogs|pranks|danny duncan tour|danny duncan florida|danny duncan merch|Danny Duncan la|los angeles|funny vlogs|funny videos,2196095,105974,3909
95,JbKhPDQH5hA,Green Bay Packers vs Philadelphia Eagles  2022 Week 12 Game Highlights,2022-11-28T04:45:50Z,UCDVYQ4Zhbm3S2dlz7P1GBDg,NFL,Sports,22.01.12,none,1847053,20434,2924
96,GhYOdwLVBYs,its a boat  Raft,2022-11-27T22:45:08Z,UC7_YxT-KID8kRbqZo7MyscQ,Markiplier,Gaming,22.01.12,markiplier|raft|muyskerm|lordminion777|mark bob wade|gameplay|gaming|funny moments,1499556,81623,4310
97,72oQUQfe5Zw,Scoring 1 AMAZING Goal With Every World Cup Ball 19302022,2022-11-25T15:00:10Z,UCQ-YJstgVdAiCT52TiBWDbg,ChrisMD,Entertainment,22.01.12,none,2654602,123312,1923
98,ZDa5NB6rCqs,Los Angeles Rams vs Kansas City Chiefs  2022 Week 12 Game Highlights,2022-11-28T00:36:27Z,UCDVYQ4Zhbm3S2dlz7P1GBDg,NFL,Sports,22.01.12,none,1193007,12791,1181
99,BYVZh5kqaFg,Egg Drop From Space,2022-11-25T14:59:03Z,UCY1kMZp36IQSyNx_9h4mpCg,Mark Rober,Science & Technology,22.01.12,none,21588290,701666,24219
100,NtulVJJlhH8,Ramattra  New Hero Gameplay Trailer  Overwatch 2,2022-11-26T17:55:11Z,UClOf1XXinvZsy4wKPAkro2A,PlayOverwatch,Gaming,22.01.12,Overwatch 2|Overwatch,3584881,145550,9630
101,pAUEHbPzlOo,I Sent MrBeasts 100 Million Playbutton into Space,2022-11-26T16:00:34Z,UCewMTclBJZPaNEfbf-qYMGA,JackSucksAtLife,Entertainment,22.01.12,jacksucksatlife|JackSucksAtLife YouTube|JackSucksAtLife Channel|jacksucksatstuff|youtube play button|play button|diamond play button|youtube award|unboxing|1 million|shortest|longest|username|100 million|youtube sent me|1 billion|mrbeast|100 million play button|100m play button|red diamond play button|mark rober|egg drop from space|dude perfect|last to take hands off|i sent|into space|play button space|i stole|mr beast|island|pewdiepie|food|playbutton,1307267,69665,6905
102,bt4NqAzHTSc,Las Vegas Raiders vs Seattle Seahawks  2022 Week 12 Game Highlights,2022-11-28T00:50:12Z,UCDVYQ4Zhbm3S2dlz7P1GBDg,NFL,Sports,22.01.12,none,1444567,18047,2637
103,YaDL9PHYisY,Bogdan DLP  Alex Velea  Ebal  OST Romina VTM,2022-11-26T10:00:08Z,UCOSuXx0kB-vHNsVY222B3lQ,Bogdan DLP,Music,22.01.12,bogdan dlp|bogdan de la ploiesti|alex velea|ebal|romina vtm ost|coloana sonora romina vtm|beau pahar dupa pahar|bogdan dlp videoclip|bogdan dlp tzanca uraganu|manele|manele noi|manele 2022|bogdan dlp fara tine|big up fusion|tarabanele|bogdan dlp yny sebi|cele mai noi manele,819015,17010,199
104,qvot0oeaH_4,Tom Scott vs TomSka who is the best Tom,2022-11-26T16:00:24Z,UCHC4G4X-OR5WkY-IquRGa3Q,Tom Scott plus,Entertainment,22.01.12,tom scott|tomscott,403957,37638,2475
105,LsATHW4kgM0,My Opinion on EVERY New Pokémon in Scarlet and Violet,2022-11-26T15:15:00Z,UCSAYHSNaY5_UEol4_frPurg,MandJTV,Gaming,22.01.12,New Pokemon games|New Pokemon|Top Pokemon|Pokemon Talk|MandJTV|MandJTV Pokevids|gaming|video games|nintendo switch|nintendo|pokemon|new games|family friendly|top 10|top 5|charizard|greninja|pikachu|best pokemon|all pokemon|original pokemon|retro games|retro pokemon games|nintendo pokemon|pokemon legends arceus|pokemon scarlet and violet|gen 9,705479,32040,5441
106,c4Ra1DTjSJc,SIDEMEN OFFENSIVE TRY NOT TO LAUGH,2022-11-26T21:00:12Z,UCh5mLn90vUaB1PbRRx_AiaA,MoreSidemen,People & Blogs,22.01.12,sidemen|moresidemen|miniminter|ksi|zerkaa|behzinga|tbjzl|vikkstar|wroetoshaw,4829833,261609,4774
107,GuMvZW0BsxM,Ill Never Fight Again,2022-11-25T18:13:58Z,UCG8rbF3g2AMX70yOd8vqIZg,Logan Paul,Entertainment,22.01.12,logan paul vlog|logan paul|logan|paul|olympics|logan paul youtube|vlog|daily|comedy|hollywood|parrot|maverick|bird|maverick clothes|Wwe|Action figure|Logan Paul wwe|Logan Paul knee|Entertainment|Hurt|Injury|Logan Paul Roman reigns|Logan Paul wrestling|Wrestling,3474829,223186,9456
108,cQu8QU2V-VY,We Are Witnessing History In The Making,2022-11-27T05:31:46Z,UC3L9XPe0_FGfRG-CMGtBvFg,JxmyHighroller,Sports,22.01.12,LeBron James|House of Highlights|ESPN|NBA highlights|Jimmy Highroller|NBA trash talk|Buzzer Beaters|Brooklyn Nets|Ankle Breakers|Shannon Sharpe|NBA Championship|Rebound|ballislife|Golden Hoops|Stephen Curry|Kyrie Irving|Lakers|NBA Playoffs|Boston Celtics|NBA MVP|nba championship|golden state warriors|stephen curry|nba breaking news|New NBA season|Jayson Tatum|Russell Westbrook|Warriors|Luka Doncic|Kyrie Irving drama|Lakers trade,1088803,74108,4243
109,kN95YsIFzlw,TOP Original Songs That Stunned The Judges  AGT 2022,2022-11-26T13:00:33Z,UCT2X19JJaJGUN7mrYuImANQ,Americas Got Talent,Entertainment,22.01.12,Simon Cowell|Americas Got Talent|AGT|AGT 2022|Americas Got Talent 2022|Got Talent|AGT auditions 2022|Got Talent 2022|Original songs|top original songs|amanda mammana|chapel hart|nicotine dolls|surprising voices|amazing voices|singers got talent|country band|unexpected voices|best singers|top singers|agt best singers|Sofia Vergara|Howie Mandel|Heidi Klum|Terry Crews,516115,4277,233
110,si9Phc9ArpU,Why Finland Joining NATO Checkmates Russia,2022-11-25T15:30:09Z,UCP5tjEmvPItGyLhmjdwP7Ww,RealLifeLore,Education,22.01.12,real life lore|real life lore maps|real life lore geography|real life maps|world map|world map is wrong|world map with countries|world map real size|map of the world|world geography|geography|geography field of study|facts you didnt know,4456382,100711,16052
111,vRDngK7byBQ,Best Moment Tiffany Studios Inverted Hanging Shade ca 1901  ANTIQUES ROADSHOW  PBS,2022-11-15T18:49:05Z,UCdnJJ2_mzqHwKIX_SmCVHTA,Antiques Roadshow PBS,Entertainment,22.01.12,antiques roadshow|antique roadshow|antiques road show|antique road show|antiques roadshow full episode|antiques roadshow streaming|antiques roadshow pbs|antiques roadshow us|antiques roadshow appraisal|full episode|art history|antiques roadshow usa|american antiques roadshow|antiques roadshow best moment|antiques roadshow best moments|antiques roadshow best of|tiffany studios|tiffany glass|antique tiffany|tiffany lamp|glass art|stained glass,428324,3491,402
112,1ZrKJ--kAX4,How to Immolation Only Dark Souls 2,2022-11-26T16:30:07Z,UC17vsYVoIwch5UzPar1LDmQ,ymfah,Gaming,22.01.12,none,591243,43605,1577
113,Hfc3fqxgr-4,Etho Plays Minecraft  Episode 572 Sensor Development,2022-11-26T20:11:54Z,UCFKDEp9si4RmHFWJW1vYsMA,EthosLab,Gaming,22.01.12,Minecraft|Minecraft Lets Play|Minecraft LP|Minecraft Gameplay|Farm|Etho|Minecraft Game|Minecraft Building|Minecraft Survival|Minecraft Mods|Redstone|House|Update|Snapshot|119|Villager|Villager Trading|Rain Detector|Direction Detector,366963,21561,1042
114,G5aic-Zhqqk,BARDHI  KALLI,2022-11-26T20:00:11Z,UCKGhUAK76DX5-596jfPwOpQ,SBS Entertainment ,Music,22.01.12,Bardhi|kalli|krejt fotot|best new music|best new hits 2022|fresh hits|best new hits|english|hottest music right now|new hit|pop hits|hottest song|the best music out now|best music of the moment|french hits|french music|french language|best music of this week|best music of the year|where to find the best music right now,1664960,27166,723
115,k6PTy9CYG-w,HEAVYWEIGHT SLUGFEST  Dillian Whyte vs Jermaine Franklin Fight Highlights,2022-11-27T00:48:50Z,UCurvRE5fGcdUgCYWgh-BDsg,DAZN Boxing,Sports,22.01.12,dazn|boxing|highlights|full fight|ko|knockout|top 10|The DAZN Boxing Show|Pelea|Boxeo|Pugile|dazn boxing,512702,4556,1933
116,zlwbbrTR9Lc,YOU CAN SMELL MY BEARD NOW,2022-11-27T01:13:22Z,UCOkL7q2SeGZeZuj22njMYEA,Caddicarus,Entertainment,22.01.12,caddicarus|caddy|caddick|dykgaming|didyouknowgaming|peanutbuttergamer|completionist|ps1|ps4|retro|reviews|comedy|funny|jontron|pixel empire|merchandise|box set|blu ray|limited edition|caddicarus compilation|World of Caddicarus|blu ray collection|youtuber merch|caddicarus merch|caddicarus box set|pins|game grumps|retrogaming|ps1 games|ps2 games|playstation games|crash bandicoot|posters|merch|caddicarus all seasons|caddicarus reaction|chadtronic|scott the woz,193077,15710,1478
117,3jag-SrvS-Q,All The Norse Gods After Fighting Kratos,2022-11-26T00:00:07Z,UC4HeA6py0NFQXfwwYfMNivA,MalsWRLD,Comedy,22.01.12,god of war ragnarok|god of war|kratos|god of war ragnarok ending,1514047,105133,4339
118,pHIhXiYcLro,MEEKZ  CHICKEN SHOP DATE,2022-11-25T17:00:41Z,UCyQ-DUV6lZgoL8wiPusYiUg,Amelia Dimoldenberg,Entertainment,22.01.12,none,504505,18258,723
119,AARbu6B1f6M,I Spent 365 Days Making A Game,2022-11-25T20:27:15Z,UCw1SQ6QRRtfAhrN_cjkrOgA,LazarBeam,Gaming,22.01.12,none,2522107,140415,8019
120,rygmaN91WFM,I Built the Ultimate Pking Account in just 4 Weeks,2022-11-27T05:10:23Z,UCIc3VLtBvQD0KqttqEJ4KYw,TorvestaRS,Gaming,22.01.12,none,187545,5760,387
121,Zdw_jp4p7DE,Learn C major7 chor for beginner by BW TV,2022-11-27T15:02:20Z,UCH9e3j000TbHLeUJgYyscHQ,BW TV,Sports,22.01.12,Belgium morocco|morocco Belgium|Belgium vs morocco|morocco vs Belgium|goal|Abdelhamid Sabiri|Sabiri goal|goal sabiri|المغرب بلجيكا|مراکش بلژیک|marokko belgië|марокко бельгия|marokko belgien|marocco belgio|marruecos bélgica|maroc belgique,46094,302,20
122,UcIcuuKCdVs,The B 21 Raider Stealthy Fast and Deadly what we know so far,2022-11-25T15:00:08Z,UCz_aGg3uEnfE4hU6Pu6Wj3g,PilotPhotog,Education,22.01.12,aviation|flying|photography|aviator|pilot|fly|airplane|plane|planes|pilotphotog|avgeek|northrop grumman|dual role|b21 raider|b21 stealth bomber|advanced precision kill weapon system|aviation news|ram coating|stealth|b2 spirit bomber|lockheed|f117 nighthawk,612290,10227,802
123,UTaDP-A5pXM,Convincing A Stranger To Visit Me In NYC,2022-11-26T20:00:15Z,UCUnOjJ0SRzmN7pD8UPugsMA,Luke Eich,Entertainment,22.01.12,Luke|Eich|luke eich|luke eich cruise|luke eich kyla|kyla luke eich|Convincing A Stranger|Convincing A Stranger To Visit Me In NYC|Convincing A Stranger To Go On A Cruise With Me|asking stranger,459756,24200,1083
124,KgcTMGy4dLo,Red Velvet 레드벨벳 Birthday MV Teaser,2022-11-27T09:00:11Z,UCEf_Bc-KVd7onSeifS3py9g,SMTOWN,Music,22.01.12,red velvet|birthday|the reve festival|2022|mv|teaser|irene|yeri|seulgi|wendy|joy|레드벨벳|버스데이|벌쓰데이|생일|리브 페스티벌|아이린|예리|슬기|웬디|조이|뮤비|뮤직비디오|티저,1338719,137858,4993
125,seBixtcx19E,MISSING  Official Trailer HD,2022-11-16T17:00:42Z,UCz97F7dMxBNOfGYu3rx8aCw,Sony Pictures Entertainment,Entertainment,22.01.12,none,9277777,10307,675
126,BvwRs632UT8,Spending 24 Hours on a Private Island with MrBeast,2022-11-27T06:21:15Z,UCrPseYLGpNygVi34QpGNqpA,Ludwig,Gaming,22.01.12,ludwig|ludwigahgren|ahgren|gaming|chat|stream|decides|lud,1892242,121481,3513
127,mZHVgUR7I1M,Our 1000000 Dubai Vacation,2022-11-25T15:17:52Z,UCcgVECVN4OKV6DH1jLkqmcA,Jake Paul,People & Blogs,22.01.12,jake paul,850812,34678,1479
128,S7jXoxla3Yw,I Survived Minecraft on 1 Heart,2022-11-26T15:00:22Z,UCPLMPHT-d8GZOqL_AHJFdQQ,Parrot,Gaming,22.01.12,Minecraft|Minecraft SMP|SMP|Minecraft Server|LifeSteal SMP|School Minecraft Server|School SMP|School Parrot|Parrot|ParrotX2|Dream SMP|TommyInnit|LifeSteal|parrot lifesteal smp|Spoke|minecraft survival|minecraft hardcore|minecraft challenge|minecraft server|Technoblade|HermitCraft|MumboJumbo|Grian|why i broke 100 bedrock|Heres Why I Made 12240 Minecraft Cakes|Minecraft Hunt|LifeSteal Season 3|1 Heart Minecraft|LifeSteal Season 4|Why I Removed the World,468216,24596,1201
129,LZ5umZDrCD8,AMA 2022 Fashion Review,2022-11-26T00:26:28Z,UCZym84-cGUKAf1T2isIIXvw,Kelsey Kreppel,People & Blogs,22.01.12,kelsey kreppel|cody ko|comedy|commentary|roast|cody ko and kelsey|kelsey and cody|met gala|fashion review|girl talk|codyko|dinner with kelsey|kelsey kreppel cody|insane baking|makeup|Chrissy teigen,512662,32034,849
130,J33nDgS3uUY,Day in the Life of a Japanese Game Illustrator,2022-11-25T23:59:02Z,UCixD9UbKvDxzGNiPC_fgHyA,Paolo fromTOKYO,Travel & Events,22.01.12,Paolo|Japan|tokyo|life in japan|a day in the life|game illustrator|working in japan|life in japan vlog|square enix|life in japan documentary|life in tokyo|living in japan|day in the life japan|day in the life|japan life|japan working culture|working hours in japan|japan culture|japan game industry|game development|game dev|japan game developer|japan game developer interview|worklife in japan|japan salary|typical japan workday|workday in japan,1203830,68301,3643
131,pPU_QOBvm7k,Luis Gabriel  Am un demon in mine  LIVE Cover Antonio Pican ,2022-11-24T10:00:11Z,UCQLCJBWOnfkqlT928FPoTjg,Luis Gabriel,Music,22.01.12,luis gabriel|toate diamantele|haziran,901928,15075,249
132,rFKI1dt7aLs,TWO YEARS IN THE MAKING  Episode 1  Minecraft Modded Vault Hunters,2022-11-26T19:00:31Z,UCZ9x-z3iOnIbJxVpm1rsu2A,iskall85,Gaming,22.01.12,minecraft|modded minecraft|minecraft mods 2022|best minecraft mod 2022|vault hunters|vaulthunters|vault hunters modpack|iskall modded minecraft|modded minecraft lets play|modded minecraft 2022|iskall85|vault hunters tutorial|minecraft mods|modded base minecraft|vault hunters mod|iskall mod|minecraft base|vault hunters 118|vault hunters 2|vodskall85,518606,31391,2230
133,OidG0ydIX3g,IShowSpeed Goes Shopping for Sneakers at Kick Game,2022-11-24T21:00:19Z,UCJYi8RCFsJiLgKqmLSz5NMw,Kick Game,People & Blogs,22.01.12,Kick Game|Kick Game UK|speed|ishowspeed|ishowspeedsui|sneaker shopping|shopping for sneakers|at kick game|speed yeezy|speed punching machine|alhan|Alhan Gençay|p45|alhan p45|world cup|ronaldo|sewy|sui|suiii|messi|speed funny moments|speed lil nas x|speed gang|speed charity match|speed and ronaldo|speed and chunkz|speed and ksi|ishowspeed ronaldo|ishowspeed soccer|speed interview|central cee,3438321,147980,3420
134,4k8alA_OLC0,Surviving 50 Hours in Realistic Minecraft,2022-11-26T15:00:04Z,UCwIWAbIeu0xI0ReKWOcw3eg,Unspeakable,People & Blogs,22.01.12,unspeakable|vlog|vlogs|unspeakablegaming|prank|comedy|challenge|laugh|funny|moments|craziest|pranks|crazy|no cursing|no swearing|how to|parody|troll|video|react|family friendly|funniest|adventure|trolling|unspeakable vlogs|real life|life|unspeakable real life|unspeakableplays,1733693,30396,3284
135,GxnlPU1_QX8,Game Theory FNAF Youre Going To Hate This FNAF Security Breach,2022-11-26T19:05:06Z,UCo_IB5145EVNcf8hw1Kku7w,The Game Theorists,Gaming,22.01.12,Five Nights at Freddys|fnaf|FNAF Security Breach|Five Nights At Freddys Security Breach|FNAF Lore|FNAF Lore Explained|Five Nights at Freddys|Five Nights At Freddys Lore|FNAF Vanessa|FNAF Vanny|FNAF Afton|FNAF DLC Poster|FNAF DLC Theory|Security Breach Theory|FNAF Timeline|afton|purple guy|sister location|fnaf sister location|vanny|glamrock freddy|golden freddy|FNAF Game Theory|FNAF MatPat|Game Theory|Game Theorists|MatPat|security breach,2913296,186927,13704
136,puEXAIiT5wk,how to pull a rabbit out of a hat,2022-11-26T19:54:54Z,UCq6aw03lNILzV96UvEAASfQ,bill wurtz,Music,22.01.12,none,392434,43759,1885
137,XGFyNlGPF84,My New Daily Routine in NYC,2022-11-26T20:00:12Z,UCLVMKLtleeiKs0Oqp86ApTQ,Kelly Wakasa,Entertainment,22.01.12,kelly|wakasa|college|college vlogger|college vlog|do what excites|new york city|ur moms house|nyc|nyc vlog|morning routine in nyc|nyc day in the life|day in my life nyc,362542,22125,424
138,9XzT6UKQSOo,I played 8 SoulsLike games youve never heard of AGAIN,2022-11-25T19:40:03Z,UC477Kvszl9JivqOxN1dFgPQ,Iron Pineapple,Gaming,22.01.12,soulslike|souls like|iron pineapple|dark souls|elden ring|gameplay|funny|coop|review|guide|commentary,1381262,66468,2934
139,aFWDOFg7X2A,On Top Full Video Karan Aujla  Yeah Proof  New Punjabi Songs 2022,2022-11-25T05:25:06Z,UC3XBkDeCVXCoCofFgfUZXGw,Karan Aujla,Music,22.01.12,karan aujla on top|utte dekh karan aujla|karan aujla new songs 2022|karan aujla latest songs 2022|latest punjabi songs 2022 karan aujla|new karan aujla|utte kon utte main|karan aujla latest punjabi songs 2022|new hit songs karan aujla|karan aujla dj songs|karan aujla punjabi songs|karan aujla karan aujla|karan aujla latest punjabi new songs|new punjabi songs karan aujla|new punjabi song|punjabi songs|latest punjabi songs|karn aujla|hit songs punjabi,10129579,310012,29600
140,RuDsBrSczis,WYTB Full Video Karan Aujla ft Gurlej Akhtar  New Punjabi Songs 2022,2022-11-25T05:30:10Z,UCm9SZAl03Rev9sFwloCdz1g,Rehaan Records,Music,22.01.12,karan aujla wytb|karan aujla new punjabi songs|karan aujla latest 2022|latest punjabi songs 2022|new punjabi songs 2022|latest new songs 2022|karan aujla songs|karan aujla wytb gurlej akhtar|karan aujla duet song|karan aujla 2022 songs|karan aujla|aujla ni aujla|hit songs punjabi|punjabi hit songs 2022|punjabi dj songs|punjabi romanitc songs|punjabi wedding songs|new songs punjabi|panjabi songs 2022|panjabi latests 2022|new karan aujla|rehaan records,10820260,314169,18500
141,sbcrJ7PDmFA,God of War Ragnarok dunkview,2022-11-26T20:30:06Z,UCsvn_Po0SmunchJYOWpOxMg,videogamedunkey,Gaming,22.01.12,god of war ragnarok|god of war|god of war ps5|god of war 2|god of war 5|dunkey|god of war dunkey|god of war dunkview|god of war ragnarok dunkview|ragnarok review|god of war review|god of war ragnarok review|dunkview|videogamedunkey|gow dunkey|gowr|gowr dunkey|dunkview god of war|dunkey ps5,2343519,158860,5541
142,qVHPG72r3Dw,The ENTIRE History of Fortnite Animated,2022-11-26T17:00:09Z,UC_q5WZtFp36adwqhKpZzxwQ,SypherPK,Gaming,22.01.12,fortnite|fortnite battle royale|gaming|highlights|gameplay|fortnite tips|stream highlights|how to play|fortnite gameplay|sypher|new update|fortnite chapter 2|sypherpk|fortnite update|fortnite new patch|fortnite new item|everything epic didnt tell you|fortnite leaks|fortnite event|mr beast fortnite|undercover|chapter 3|fortnite chapter 4|chapter 4 event|history of fortnite|the history of the world I guess|animated|animation,1531919,92414,6425
143,26fLnwWip2M,HIGHLIGHTS  Wales v Australia  What a finish in Cardiff  Autumn Nations Series,2022-11-26T21:45:54Z,UChQabsc9xJxQfcBHoFM2HBw,Autumn Nations Series,Sports,22.01.12,none,377769,3094,429
144,QkxMMaWbnpQ,I Built a GOLD FACTORY in Minecraft Hardcore,2022-11-26T13:00:27Z,UCIVSqoHCUN1XdEpiVItxfoQ,aCookieGod,Gaming,22.01.12,acookiegod|a cookie god|a cookie god minecraft|cookie minecraft|minecraft cookie|minecraft cookie god|cookie god|acookiegod series|acookiegod hardcore|minecraft hardcore|hardcore minecraft|minecraft|extracookie|i built a gold factory in minecraft hardcore|i built a gold farm in minecraft hardcore,2609405,81903,9129
145,tTJeePNgOF8,Food Theory What Everyone MISSED About The Krabby Patty SpongeBob,2022-11-26T20:14:11Z,UCHYoe8kQ-7Gn9ASOlmI0k6Q,The Food Theorists,Howto & Style,22.01.12,SpongeBob|SpongeBob Squarepants|krabby patty|krabby patty secret formula|real krabby patty|krabby patty recipe vegetarian|krabby patty burger|krabby patty babish|krabby patty recipe order|hamburger patty recipe|hamburger recipe|burger recipe|burger|burger patty|food|crabby patty|veggie burger recipe|veggie burger patty|vegan burger|krabby patty secret ingredient|krabby patty song|spongebob song|spongebob episodes|spongebob theory|food theory|matpat,1604540,104395,7052
146,2KvRH3r5XoU,SURPRISING DEJI WITH THE BEST DAY OF HIS LIFE,2022-11-24T15:15:15Z,UCWZmCMB7mmKWcXJSIPRhzZw,Miniminter,Entertainment,22.01.12,simon|sidemen|miniminter|mm7games|random|vlog,1951285,120763,2229
147,cJNIT2dnXu8,I Survived 5200 Days in HARDCORE Minecraft,2022-11-26T19:32:47Z,UCFrVj6wBM42y3XuKCAj8n5A,SB737,Gaming,22.01.12,minecraft|gaming|sb737|sb minecraft|sb|lets play|minecraft hardcore|hardcore|surviving 100 days|100 days|100 days hardcore|minecraft 100 days|5200 days|transformed|transformed mineshaft,842654,48915,5893
148,LYySp_a_8C4,Kevin Owens tells Sami Zayn to make a move on The Bloodline  WWE on FOX,2022-11-26T02:31:25Z,UCgKpcxVyF0qXU1h_Irzd7XA,WWE ON FOX,Sports,22.01.12,wwe|wwe on fox|wrestling|smackdown|smackdown highlights|friday night smackdown|wwe backstage|monday night raw|monday night raw highlights|fox sports|fox|fs1|fox sports 1|sports news|sports fox|fox sports highlights|highlights|Kevin Owens|Sami Zayn|The Bloodline,505389,9704,578
149,bYi58IV9MxA,30 PRESENTS FOR JOSHS 30TH BIRTHDAY,2022-11-24T21:04:23Z,UCfNWN9s_s8kRTCadk04WWJA,TBJZL,Gaming,22.01.12,TOBJIZZLE|Tobi|Jizzle|Tobjizzle|Tobijizzle|tbjzl|Toby|editingaming|xbox 360,1515368,79187,904
150,pSALYwz2xb4,When you realize youre a disposable character,2022-11-26T04:54:52Z,UCdyMFblTjr-C2N-T5TGftQQ,Nathan Doan Comedy,Entertainment,22.01.12,Side character|side characters be like|supporting characters be like|tv show|the walking dead|the 100|stranger things|squid games|tv shows be like|support characters in tv shows|tv show characters,306577,25226,779
151,mXbqHmU7Cv8,This Is What Happens When Anime Is Real,2022-11-26T20:28:02Z,UC7dF9qfBMXrSlaaFFDvV_Yg,Gigguk,Film & Animation,22.01.12,Anime Zone|Gigguk|Top Anime|OP|ED|ReCreators|Recreators Anime|Recreators OP|Re Creators ED|Re Creators Episode 1|ReCreators,1112578,81763,6509
152,-qrjj3LLGLA,HIGHLIGHTS  England v South Africa  Physical encounter at Twickenham  Autumn Nations Series,2022-11-26T22:23:10Z,UChQabsc9xJxQfcBHoFM2HBw,Autumn Nations Series,Sports,22.01.12,none,263640,2262,128
153,bp9N0K8htlY,Am I Doing Vlogmas  ad,2022-11-24T16:01:10Z,UCrUbqTCagwsaP2Fmr0p1TsA,Zoe Sugg,People & Blogs,22.01.12,Zoe Sugg|vlog|Zoella|makeup|grwm|get ready with me|cosmetics|Nala|pug|weekly vlog|daily|vlogging|autumn|fall|motherhood|baby|one year old|brighton|haul|lifestyle|life|vlogmas|christmas|advent,533163,24259,568
154,MSY_d9907QY,BUILDING THE DREAM WORKSHOP,2022-11-24T16:00:21Z,UCp68_FLety0O-n9QU6phsgw,colinfurze,Entertainment,22.01.12,none,2614338,152382,8960
155,sanjqXRDSXM,Project Playtime  Official Gameplay Trailer,2022-11-25T15:00:40Z,UCXqV4yoyC_mmZye6VbKFPeQ,Mob Entertainment,People & Blogs,22.01.12,none,3560031,128607,9204
156,x9NMPnI91Hg,Quick Share the holidays with Galaxy  Samsung,2022-11-22T11:00:28Z,UCWwgaK7x0_FR1goeSRazfsQ,Samsung,Science & Technology,22.01.12,Samsung,21871704,1280,193
157,f1Ik-Vufd1E,Fastest Ferrari v Fastest BMW Superbike DRAG RACE,2022-11-26T09:04:00Z,UCUhFaUpnq31m6TNX2VKVSVA,carwow,Autos & Vehicles,22.01.12,carwow|mat watson|car review|new car review|car review 2022|ferrari|ferrari sf90|ferrari sf90 stradale|bmw|bmw m|bmw m superbike|m1000|m1000 rr|bmw m1000 rr|bmw m1000rr|bmw m1000rr drag race|m1000 rr race|m1000 rr drag race|superbike|bmw superbike|fastest motorbike|quickest motorbike|bmw motorbike|car v bike|car v motorbike|car v motorbike race|motorbike drag race|best bmw|best ferrari|hypercar|supercar|sf90|sf90 drag race,1081932,45183,3602
158,skl6N3zGv-s,Rammstein  Adieu Official Video,2022-11-24T16:00:08Z,UCYp3rk70ACGXQ4gFAiMr1SQ,Rammstein Official,Music,22.01.12,Rammstein|Rammstein Official|Official|Official Video|Rammstein Musik|Rammstein Official Video|RammsteinOfficial|Rammstein Channel|Heavy|Metal|Germany|Rammstein Video,11389546,547595,0
159,NyIA-SRJGco,Alien Isolation Review,2022-11-25T14:00:14Z,UClOGLGPOqlAiLmOvXW5lKbw,MandaloreGaming,Gaming,22.01.12,alien isolation|alien isolation review|alien isolation|alien isolation review|alien isolation pc review|alien isolation gameplay|alien isolation pc gameplay|alien review|alien game|alien game review|alien isolation game|alien pc game|alien pc game review|alien isolation walkthrough|alien isolation AI|alien isolation review 2022|alien isolation dlc|alien isolation dlc review|mandalore|mandaloregaming|mandalore gaming|aliens isolation|aliens|aliens game,737343,34656,2509
160,nR_kOI8nlvY,HOUSE TOUR part two I spent two years building my DREAM home Upstairs tour,2022-11-25T18:00:20Z,UCFanrVWRodCwCw43U7KBAQg,Saffron Barker,Entertainment,22.01.12,saffron barker|saffron barker youtube|youtube saffron barker,465290,14987,460
161,zjuetC8Eix8,OFFLINETV LEARNS IMPROV ft Will Neff,2022-11-27T00:48:46Z,UCDK9qD5DAQML-pzrtA7A4oA,OfflineTV,Gaming,22.01.12,OfflineTV|Scarra|Poki|Pokimane|Lily|LilyPichu|DisguisedToast|Toast|TwitchTV|twitch|Streaming|Vlog|Fail|Epic|Gamers|Streamers|OTV|OTV Plays|OfflineTV plays|Michael Reeves|Michael|Reeves|offlinetv improv|otv improv|improv|improv comedy|comedy|otv comedy|offlinetv comedy|offline improv|will neff|will neff otv|otv will neff|offlinetv will neff,952291,70651,1948
162,EWLSpS9uTaw,We Tried ENTIRE STARBUCKS CHRISTMAS MENU,2022-11-25T19:00:05Z,UCSxspw1FZ3K4bhdHhhibhqw,Dad V Girls,Entertainment,22.01.12,Dad V Girls|Dad|Girls|Dad Vs Girls|Family|Family Friendly|Challenges|kids|Family challenges|family vloggers|daily vlog|uk family|fun|funny|english family,416935,10917,440
163,JHXDWBWSz00,Who Killed Blue Mod in Among Us,2022-11-25T13:00:13Z,UCgYJLAsnjCZk9ocyIywgbiQ,Zud,Gaming,22.01.12,Among Us|Imposter|Among Us Mod|Zud|Among Us Funny Moments|among us|new among us role|among us mods|among us impostor|among us mod|among us imposter|among us animation|animation|among us song|ssundee among us|among us vr|zud among us|among us custom mod|among us gameplay|among us in real life|Who Killed Blue Mod in Among Us|among us who killed blue|who killed blue mod in among us ssundee|among us rainbow friends|rainbow friends|who killed blue|blue,892007,12008,225
164,k-jjWq0TFMc,Goat Simulator 3 is the best new game available,2022-11-25T23:00:35Z,UCzXwjTI6c6mVn6oui_p6oiw,SMii7Y,Gaming,22.01.12,goat simulator 3|goat simulator 3 gameplay|goat simulator|goat simulator 3 review|goat simulator 3 multiplayer|goat simulator 3 game|goat simulator 3 funny moments|goat simulator 3 funny|goat sim|goat simulator gameplay|goat simulator 3 pc|goat simulator funny moments|smii7y|smii7yplus|smii7y|smii7y plus,2397330,116382,2234
165,J8Zm1kVQx20,TIKTOKS THAT WILL MAKE YOU UNCOMFORTABLE,2022-11-25T21:13:06Z,UCjRkTl_HP4zOh3UFaThgRZw,SidemenReacts,Entertainment,22.01.12,Sidemen|Sidemen Reacts|SidemenReacts,848973,51819,641
166,_qB-JsmQBto,Making a PrankerBOOMer PhotoSensor,2022-11-25T17:23:03Z,UCJ0-OtVpF0wOKEqT2Z1HEtA,ElectroBOOM,Science & Technology,22.01.12,educational|electrical|ElectroBOOM|science|electronics|engineering|entertainment|equipment|measurement|experiment|mehdi|mehdi sadaghdar|arc|mishap|physics|Sadaghdar|test|tools|circuit|funny|learn|shock|spark|discharge|prank|light sensor|capacitor|over voltage|relay|photo cell|photo resistor,614371,52845,2220
167,1UiJQ3PNEaM,Age of Wonders 1 Review  800x600 Edition,2022-11-25T00:25:08Z,UCD6VugMZKRhSyzWEWA9W2fg,SsethTzeentach,Gaming,22.01.12,none,1465244,94772,3989
168,pvQECUoBS1Y,Israel Adesanya Gives Thanks While Eating Spicy Wings  Hot Ones,2022-11-24T16:00:34Z,UCPD_bxCRGpmmeQcbe2kpPaA,First We Feast,Entertainment,22.01.12,First we feast|fwf|firstwefeast|food|food porn|cook|cooking|chef|recipe|cocktail|bartender|craft beer|complex|complex networks|spicy food|foodie|burgers|food documentary|Israel Adesanya|Israel adesanya interview|ufc|israel adesanya ufc|israel adesanya fight|israel adesanya joe rogan|spicy food recipe|sean evans|hot ones,2114181,89209,5178
169,nfd-VM4yG-k,I Built a Survival Shelter in the middle of nowhere,2022-11-25T20:11:56Z,UC56D-IHcUvLVFTX_8NpQMXg,Brent Rivera,Entertainment,22.01.12,none,2298913,125390,6451
170,bVEGY0gv5M0,A Place In The Sun axed me after I got cancer says distraught presenter Jonnie Irwin,2022-11-24T10:01:44Z,UCy4Kmbjk_M-eK2q44pGEAmw,The Sun Showbiz,Entertainment,22.01.12,none,501938,4285,1419
171,d_-6Rkqxfs8,I Spent 100000 FIFA Points On RTWC,2022-11-26T10:49:20Z,UC-8KVa-TUe6LtfPFICAXyFA,DannyAaronsClips,Gaming,22.01.12,I Spent 100000 FIFA Points On RTWC|danny aarons|world cup|road to the world cup|fifa 23 world cup|road to world cup|world cup 2022|fifa 23 road to the world cup|fifa world cup|road to glory|fifa 23 road to world cup|road to world cup mbappe|france road to world cup|road to the world cup packs|fifa 23 road to world cup promo|road to the world cup mbappe|road to the world cup fifa 23|world cup promo|fifa 23 road to world cup explained,232329,6341,142
172,H-j49ZJODSo,7 Most Mysterious Unsolved Creatures In Video Games,2022-11-25T20:00:10Z,UCIcR5StUvA7_pPHoAFLmZaA,oddheader,Gaming,22.01.12,Red dead redemption 2|subnautica|the stanley parable|the stanley parable ultra deluxe|stanley parable|super smash bros|Ittle Dew|Ittle Dew 2|Duke Nukem|Duke Nukem Manhattan Project|saints row|saints row 2|oddheader|unsolved mysteries|easter eggs|easter egg|creepy discoveries|creepy gaming|creepy easter eggs|video game easter eggs,329782,22598,1875
173,ihT7rRTLqyI,My First Road To Glory In 5 YEARS,2022-11-24T21:04:59Z,UCbzZFTHge5zk2yebSiWRZRg,Beh2inga,Gaming,22.01.12,behzinga|beh2inga|sidemen|sidemen funny moments|behzinga funny moments|behzinga call of duty|sidemen call of duty|moresidemen|behzinga stream|behzinga twitch|behzinga fifa 23|beh2inga fifa 23|fifa ultimate team|pack opening|fifa world cup|fifa world cup pack opening|fifa 23 paquetas party,421852,23348,540
174,8nAAQ63_WX0,YouTuber Pub Golf GONE WRONG,2022-11-23T21:02:07Z,UCTSCvnsxOcoknftrqdXQzyg,TheBurntChip,Entertainment,22.01.12,YouTuber pub golf|Wroetoshaw|W2s|ChrisMD|theburntchip|Burnt chip|Reev|Theo baker|Arthurtv,1010108,58228,735
175,z6ep308goxQ,why Japans internet is weirdly designed,2022-11-24T22:07:37Z,UCqVEHtQoXHmUCfJ-9smpTSg,Answer in Progress,Education,22.01.12,nerdyandquirky|answerinprogress|sabrina cruz|khanstopme|taha khan|melissa fernandes|mehlizfern|japan|japanese|web design|internet,2245942,113138,4595
176,ZyO-3aLZ7p0,Surprising a Wife Who Hates Surprises,2022-11-24T20:00:20Z,UC6I0KzAD7uFTL1qzxyunkvA,Blacktail Studio,Howto & Style,22.01.12,custom desk|diy desk|do it yourself|do it yourself projects|expensive wood|figured woods|how to|how to build a desk|luxury desk|modern desk|most expensive wood|most expensive wood in the world|woodworking|woodworking projects|barn door|barn door installation|barn door hardware|diy barn door|hidden hardware barn door,885223,29425,5615
177,Xw_vSXcQSh0,Flamur x Ilir  A je pendu  prod by Monkey Music ,2022-11-24T17:21:09Z,UCS0_Ro1FvPrA9SWvWXop4fA,Flamuri  Iliri,Music,22.01.12,flamur|ilir|a je pendu|flamur ilir a je pendu|flamur a je pendu|ilir a je pendu|fole publishing|fole|fole artist|hite shqip|hitet shqip|top lista|hite|albanian playlist|kenga|muzike e mire|muzika ma e mire|hitet shqiptare|top hite shqip|top albanian playlist|hite te reja|hitet e reja|hite te reja 2022|hitet|hitet me te reja 2022|top hitet shqiptare|top lista shqip|best music|best song|best new artist|hit music|kenget e reja|kenga e re 2022,1363223,14980,257
178,kFGWYk1khMg,Christmas With My Son,2022-11-25T02:01:13Z,UCwsjrSWqxLdcZrd9xVpmxog,Baylen Levine,Entertainment,22.01.12,baylen levine|baylen levine vlogs|benitez|funny videos|pranks|prank|messing around|christmas,1300028,54810,3406
179,Ney7w6kYWRw,Testing Minecraft Mob IQ From Level 1 to Level 100,2022-11-26T01:00:14Z,UC-g_O9HWb5B0rVDG1hLd5Hw,Eystreem,Gaming,22.01.12,Eystreem|eyestream|eystream|minecraft|family friendly|roleplay|funny|troll|prank|secret|hidden|tutorial|minecraft phone|minecraft bedrock edition|Mine|Minecraft Mob IQ from Level 1 to Level 100|minecraft mob hacks|minecraft mob iq|minecraft mob iq test|mob iq test|minecraft level 1 to level 100|minecraft mobs level 1 to 100|minecraft mob challenge|mob iq challenges|minecraft challenges|minecraft mob maze|minecraft iq test|minecraft warden iq|minecraft allay iq,613688,15647,1549
180,yr1E3NUhDio,Can we do a DIY project underwater underwater basket weaving,2022-11-25T15:33:13Z,UCUuMYw2l2UeWyTGYixYfRCA,Evan and Katelyn,Howto & Style,22.01.12,evanandkatelyn|Evan and Katelyn|how to|DIY|husband and wife|husband wife|EK|evan katelyn|couple|silly DIY|DIWHY|underwater basket weaving|underwater project|underwater DIY|basket weaving|snuba|crafting|making|making a basket|making baskets|baskets|weaving|diving|scuba|swimming|college|course|degree|underwater basketweaving|basketweaving|diy ideas,357669,26060,1753
181,cuMn6o9oWvo,SOUTHGATE OUT ENGLAND 00 USA Goldbridge Reacts,2022-11-25T21:16:25Z,UCFxG3MxHC1ogUglvJeMHmVQ,Mark Goldbridge Thats Football,Sports,22.01.12,Southgate|England|England 00 USA|England vs USA|Goldbridge,384720,13229,3047
182,mRnmCcWiaJU,Son we have to talk about your pokemon,2022-11-22T21:03:33Z,UCtV9EX7Lp-JBq0sSdyMf35w,Happy Roadkill,Film & Animation,22.01.12,pokemon parody animation cartoon,1001185,86865,2903
183,fVWN3uuX4MA,AntiHero Acoustic Version,2022-11-25T05:08:44Z,UCPC0L1d253x-KuMNwa05TpA,Taylor Swift  Topic,Music,22.01.12,Taylor Swift|テイラースウィフト|テイラースウィフト|AntiHero,347236,28811,84
184,nrVIVsikw00,HOLY MERCH,2022-11-26T00:29:16Z,UCNnKprAG-MWLsk-GsbsC2BA,Flashgitz,Comedy,22.01.12,Furries|black templar|flashgitz furry|Warhammer|flashgitz|Warhammer 40k,995367,82079,2854
185,e8nrpyUFY7Y,SIDEMEN VS MR BEAST 100000 YOUTUBER HUNGER GAMES,2022-11-24T17:30:07Z,UCh5mLn90vUaB1PbRRx_AiaA,MoreSidemen,People & Blogs,22.01.12,sidemen|moresidemen|miniminter|ksi|zerkaa|behzinga|tbjzl|vikkstar|wroetoshaw,3353979,205987,2918
186,6MN1EsAnmkQ,뉴진스 Hype boy  Attention 축하공연 제43회 청룡영화상 시상식  KBS 221125 방송,2022-11-25T13:08:27Z,UCK1sVuXaDvJeNwl9noN5nOA,KBS Entertain,Entertainment,22.01.12,청룡영화상|2022청룡영화상|제43회청룡영화상|청룡영화상하이라이트|김혜수|유연석|뉴진스|축하공연|Hype boy|Attention|NewJeans,3517076,92706,3873
187,ruasnYx_rNg,This FREE Card Is INCREDIBLE,2022-11-25T15:37:43Z,UC-8KVa-TUe6LtfPFICAXyFA,DannyAaronsClips,Gaming,22.01.12,This FREE Card Is INCREDIBLE|danny aarons|fifa 23|fifa 23 ultimate team|fifa|fifa 23 gameplay|fifa 23 ps5|fifa 23 world cup|fifa 23 pack opening|fifa 23 4k gameplay|fifa 23 next gen|fifa 23 trailer|fifa 23 pc|fifa23|fifa 22|new fifa 23|fifa 23 tips|fifa 23 pack|fifa 23 team|fut 23|4k ps5 fifa 23|fifa 23 career mode|ps5 fifa 23 next gen|fifa 23 ps5 gameplay|fifagamerss fifa 23|fifa 23 fifagamerss|fifa 23 4k|fifa 23 sbc|84x20 fifa 23,275735,10430,465
188,VrqsHxuGpZU,When lies ruin lives,2022-11-25T21:30:03Z,UCzEy7pi3B7TIS9cn_sdKK9A,GrayStillPlays,Gaming,22.01.12,simulation games|graystillplays|simulator|and this happened|gameplay|ios|android|pc|gaming|perfect lie gameplay|3d game|dog life simulator|android games|perfect lie|perfect lie game|teacher games|teacher game|games|new games,611096,19286,788
189,ahZB1VVpLgA,Dove Cameron  Boyfriend Live at the 2022 AMAs,2022-11-22T16:17:25Z,UC8zfr8awozk-TKZElaWtxJA,DoveCameronVEVO,Music,22.01.12,Boyfriend|Disruptor RecordsColumbia|Dove Cameron|Pop,918386,73927,1226
190,Q-HB94KdBXQ,Project Playtime  Official Cinematic Trailer,2022-11-24T15:00:10Z,UCXqV4yoyC_mmZye6VbKFPeQ,Mob Entertainment,People & Blogs,22.01.12,poppy playtime|boxy boo|mommy long legs|huggy wuggy|project playtime|mob entertainment|mob games|trailer|chapter 3|cinematic|animation,4568422,189208,16263
191,790UXFMjWKE,Growing Up,2022-11-23T18:00:06Z,UCxXqeNx2u6mLcFiPrX3-G_g,theweeklyslap,Gaming,22.01.12,the weekly slap|weekly slap|jschlatt|call of duty|commentary|call of duty commentary|inbox|mail monday,348804,46030,1622
192,shWbgCepS_o,아이브 LOVE DIVE  After LIKE 축하공연 제43회 청룡영화상 시상식  KBS 221125 방송,2022-11-25T13:17:19Z,UCK1sVuXaDvJeNwl9noN5nOA,KBS Entertain,Entertainment,22.01.12,청룡영화상|2022청룡영화상|제43회청룡영화상|청룡영화상하이라이트|김혜수|유연석|아이브|축하공연|LOVE DIVE|After LIKE,2060981,42478,2661
193,XjGa_8fUU7g,HOUSE TOUR Two years building my dream home ,2022-11-23T17:00:33Z,UCFanrVWRodCwCw43U7KBAQg,Saffron Barker,Entertainment,22.01.12,saffron barker|saffron barker youtube|youtube saffron barker,1008846,30494,826
194,acSb4K7FSMw,Why Im Fighting Dillion Danis January 14th 2023,2022-11-24T15:09:33Z,UCGmnsW623G1r-Chmo5RB4Yw,JJ Olatunji,Entertainment,22.01.12,ksi|ksiolajidebt|ksiolajidebthd,2856238,173248,7607
195,q4DF3j4saCE,The Most Extreme Explosion in the Universe,2022-11-23T15:00:13Z,UCsXVk37bltHxD1rDPwtNM8Q,Kurzgesagt  In a Nutshell,Education,22.01.12,none,3998422,186023,7706
196,w6Xd-H2gNbY,We Tried EVERY Milka Flavor,2022-11-25T11:00:43Z,UC4PooiX37Pld1T8J5SYT-SQ,Good Mythical Morning,Entertainment,22.01.12,gmm|good mythical morning|rhettandlink|rhett and link|mythical|rhett|mclaughlin|link|neal|will it|taste test,1148957,36328,2527
197,PZShwWiepeY,How Easily Can You Catch Every Pokemon in ScarletViolet,2022-11-23T17:01:00Z,UCgluFk_59sS-hz8WdGuBX2g,Johnstone,Gaming,22.01.12,pokemon|johnstone|johnstone pokemon|johnstone live|johnstone twitch|pokemon scarlet and violet|pokemon catch em all|catching every pokemon in scarlet|catching every pokemon in violet|how to get shiny charm in pokemon scarlet and violet,909593,18794,1482
198,5jJJYYaw8vw,Lil Baby Ft Nardo Wick  Pop Out Official Video,2022-11-23T20:00:02Z,UCM1gEqLPsgej7ZKzu9w8v7A,LilBabyVEVO,Music,22.01.12,Lil|Baby|Nardo|Wick|Pop|Out|Quality|Control|MusicMotown|Records|Hip|Hop,3528394,106293,3976
199,ZJE0X3U2F6I,65 ATTEMPTS AND ZERO WINNERSTHE ULTIMEAT PIZZA CHALLENGE  OKLAHOMA EP5  BeardMeatsFood,2022-11-24T19:00:19Z,UCc9CjaAjsMMvaSghZB7-Kog,BeardMeatsFood,People & Blogs,22.01.12,calorie challenge|mukbang|cheat day|cheat meal|man vs food|eating challenge|eating challenge uk|food challenge|matt stonie|beardmeatsfood|beard meats food|beard meets food|beard vs food|adam moran|british competitive eater|fitness|eating channel|eating show|10000 calorie challenge|10k|massive eating challenge|huge eating challenge|100000 calorie challenge|pizza|oklahoma|undefeated,2109061,61882,3344
